id,date,prcp,tmax,tmin,month,year,yday,prcp.mm,tmax.C,tmin.C,tavg.C
USC00190120,2018-01-01,0,-111,-228,1,2018,1,0,-11.1,-22.8,-16.95
USC00190120,2018-01-02,0,-117,-256,1,2018,2,0,-11.7,-25.6,-18.65
USC00190120,2018-01-03,0,-61,-256,1,2018,3,0,-6.1,-25.6,-15.850000000000001
USC00190120,2018-01-04,0,-50,-183,1,2018,4,0,-5,-18.3,-11.65
USC00190120,2018-01-05,99,-44,-133,1,2018,5,9.9,-4.4,-13.3,-8.850000000000001
USC00190120,2018-01-06,0,-117,-167,1,2018,6,0,-11.7,-16.7,-14.2
USC00190120,2018-01-07,0,-117,-278,1,2018,7,0,-11.7,-27.8,-19.75
USC00190120,2018-01-08,0,-78,-272,1,2018,8,0,-7.8,-27.2,-17.5
USC00190120,2018-01-09,0,-11,-89,1,2018,9,0,-1.1,-8.9,-5
USC00190120,2018-01-10,0,50,-144,1,2018,10,0,5,-14.4,-4.7
USC00190120,2018-01-11,0,22,-139,1,2018,11,0,2.2,-13.9,-5.85
USC00190120,2018-01-12,0,94,0,1,2018,12,0,9.4,0,4.7
USC00190120,2018-01-13,485,156,33,1,2018,13,48.5,15.6,3.3,9.45
USC00190120,2018-01-14,0,33,-117,1,2018,14,0,3.3,-11.7,-4.199999999999999
USC00190120,2018-01-15,0,-56,-133,1,2018,15,0,-5.6,-13.3,-9.45
USC00190120,2018-01-16,0,-61,-133,1,2018,16,0,-6.1,-13.3,-9.7
USC00190120,2018-01-17,71,-6,-78,1,2018,17,7.1,-0.6,-7.8,-4.2
USC00190120,2018-01-18,33,0,-161,1,2018,18,3.3,0,-16.1,-8.05
USC00190120,2018-01-19,0,-17,-161,1,2018,19,0,-1.7,-16.1,-8.9
USC00190120,2018-01-20,0,17,-111,1,2018,20,0,1.7,-11.1,-4.7
USC00190120,2018-01-21,0,89,-61,1,2018,21,0,8.9,-6.1,1.4000000000000004
USC00190120,2018-01-22,8,89,-50,1,2018,22,0.8,8.9,-5,1.9500000000000002
USC00190120,2018-01-23,43,28,0,1,2018,23,4.3,2.8,0,1.4
USC00190120,2018-01-24,208,44,-17,1,2018,24,20.8,4.4,-1.7,1.35
USC00190120,2018-01-25,0,17,-83,1,2018,25,0,1.7,-8.3,-3.3000000000000003
USC00190120,2018-01-26,0,17,-133,1,2018,26,0,1.7,-13.3,-5.800000000000001
USC00190120,2018-01-27,0,11,-139,1,2018,27,0,1.1,-13.9,-6.4
USC00190120,2018-01-28,0,100,-17,1,2018,28,0,10,-1.7,4.15
USC00190120,2018-01-29,0,89,-28,1,2018,29,0,8.9,-2.8,3.0500000000000003
USC00190120,2018-01-30,0,61,-39,1,2018,30,0,6.1,-3.9,1.0999999999999999
USC00190120,2018-01-31,0,22,-89,1,2018,31,0,2.2,-8.9,-3.35
USC00190120,2018-02-01,0,0,-89,2,2018,32,0,0,-8.9,-4.45
USC00190120,2018-02-02,69,44,-89,2,2018,33,6.9,4.4,-8.9,-2.25
USC00190120,2018-02-03,0,-39,-156,2,2018,34,0,-3.9,-15.6,-9.75
USC00190120,2018-02-04,0,-17,-139,2,2018,35,0,-1.7,-13.9,-7.8
USC00190120,2018-02-05,218,44,-17,2,2018,36,21.8,4.4,-1.7,1.35
USC00190120,2018-02-06,0,28,-100,2,2018,37,0,2.8,-10,-3.6
USC00190120,2018-02-07,0,0,-100,2,2018,38,0,0,-10,-5
USC00190120,2018-02-08,165,0,-78,2,2018,39,16.5,0,-7.8,-3.9
USC00190120,2018-02-09,0,0,-156,2,2018,40,0,0,-15.6,-7.8
USC00190120,2018-02-10,0,11,-156,2,2018,41,0,1.1,-15.6,-7.25
USC00190120,2018-02-11,97,67,6,2,2018,42,9.7,6.7,0.6,3.65
USC00190120,2018-02-12,224,56,11,2,2018,43,22.4,5.6,1.1,3.3499999999999996
USC00190120,2018-02-13,0,39,-83,2,2018,44,0,3.9,-8.3,-2.2
USC00190120,2018-02-14,0,6,-72,2,2018,45,0,0.6,-7.2,-3.3000000000000003
USC00190120,2018-02-15,0,94,-28,2,2018,46,0,9.4,-2.8,3.3000000000000003
USC00190120,2018-02-16,8,83,-6,2,2018,47,0.8,8.3,-0.6,3.8500000000000005
USC00190120,2018-02-17,0,94,-61,2,2018,48,0,9.4,-6.1,1.6500000000000004
USC00190120,2018-02-18,97,33,-56,2,2018,49,9.7,3.3,-5.6,-1.15
USC00190120,2018-02-19,0,56,-100,2,2018,50,0,5.6,-10,-2.2
USC00190120,2018-02-20,48,78,-89,2,2018,51,4.8,7.8,-8.9,-0.5500000000000003
USC00190120,2018-02-21,0,194,72,2,2018,52,0,19.4,7.2,13.299999999999999
USC00190120,2018-02-22,25,256,50,2,2018,53,2.5,25.6,5,15.3
USC00190120,2018-02-23,25,50,-67,2,2018,54,2.5,5,-6.7,-0.8500000000000001
USC00190120,2018-02-24,104,72,-67,2,2018,55,10.4,7.2,-6.7,0.25
USC00190120,2018-02-25,48,106,6,2,2018,56,4.8,10.6,0.6,5.6
USC00190120,2018-02-26,124,28,0,2,2018,57,12.4,2.8,0,1.4
USC00190120,2018-02-27,0,106,-50,2,2018,58,0,10.6,-5,2.8
USC00190120,2018-02-28,0,122,-33,2,2018,59,0,12.2,-3.3,4.449999999999999
USC00190120,2018-03-01,0,144,-22,3,2018,60,0,14.4,-2.2,6.1
USC00190120,2018-03-02,173,144,6,3,2018,61,17.3,14.4,0.6,7.5
USC00190120,2018-03-03,155,39,17,3,2018,62,15.5,3.9,1.7,2.8
USC00190120,2018-03-04,0,78,17,3,2018,63,0,7.8,1.7,4.75
USC00190120,2018-03-05,0,50,-6,3,2018,64,0,5,-0.6,2.2
USC00190120,2018-03-06,0,61,-50,3,2018,65,0,6.1,-5,0.5499999999999998
USC00190120,2018-03-07,0,83,-17,3,2018,66,0,8.3,-1.7,3.3000000000000003
USC00190120,2018-03-08,114,17,-6,3,2018,67,11.4,1.7,-0.6,0.55
USC00190120,2018-03-09,0,39,-22,3,2018,68,0,3.9,-2.2,0.8499999999999999
USC00190120,2018-03-10,0,28,-22,3,2018,69,0,2.8,-2.2,0.2999999999999998
USC00190120,2018-03-11,0,44,-33,3,2018,70,0,4.4,-3.3,0.5500000000000003
USC00190120,2018-03-12,0,56,-39,3,2018,71,0,5.6,-3.9,0.8499999999999999
USC00190120,2018-03-13,20,67,-17,3,2018,72,2,6.7,-1.7,2.5
USC00190120,2018-03-14,46,6,-39,3,2018,73,4.6,0.6,-3.9,-1.65
USC00190120,2018-03-15,0,28,-11,3,2018,74,0,2.8,-1.1,0.8499999999999999
USC00190120,2018-03-16,0,44,-22,3,2018,75,0,4.4,-2.2,1.1
USC00190120,2018-03-17,0,28,-50,3,2018,76,0,2.8,-5,-1.1
USC00190120,2018-03-18,0,56,-94,3,2018,77,0,5.6,-9.4,-1.9000000000000004
USC00190120,2018-03-19,0,11,-94,3,2018,78,0,1.1,-9.4,-4.15
USC00190120,2018-03-20,0,39,-89,3,2018,79,0,3.9,-8.9,-2.5
USC00190120,2018-03-21,0,61,-89,3,2018,80,0,6.1,-8.9,-1.4000000000000004
USC00190120,2018-03-22,0,44,-17,3,2018,81,0,4.4,-1.7,1.35
USC00190120,2018-03-23,0,117,-44,3,2018,82,0,11.7,-4.4,3.6499999999999995
USC00190120,2018-03-24,0,83,-61,3,2018,83,0,8.3,-6.1,1.1000000000000005
USC00190120,2018-03-25,0,83,-61,3,2018,84,0,8.3,-6.1,1.1000000000000005
USC00190120,2018-03-26,0,83,-67,3,2018,85,0,8.3,-6.7,0.8000000000000003
USC00190120,2018-03-27,0,94,-78,3,2018,86,0,9.4,-7.8,0.8000000000000003
USC00190120,2018-03-28,0,106,-72,3,2018,87,0,10.6,-7.2,1.6999999999999997
USC00190120,2018-03-29,0,144,-11,3,2018,88,0,14.4,-1.1,6.65
USC00190120,2018-03-30,30,94,28,3,2018,89,3,9.4,2.8,6.1
USC00190120,2018-03-31,0,117,22,3,2018,90,0,11.7,2.2,6.949999999999999
USC00190120,2018-04-01,0,139,33,4,2018,91,0,13.9,3.3,8.6
USC00190120,2018-04-02,0,106,-17,4,2018,92,0,10.6,-1.7,4.45
USC00190120,2018-04-03,33,61,-44,4,2018,93,3.3,6.1,-4.4,0.8499999999999996
USC00190120,2018-04-04,127,61,-44,4,2018,94,12.7,6.1,-4.4,0.8499999999999996
USC00190120,2018-04-05,20,106,-50,4,2018,95,2,10.6,-5,2.8
USC00190120,2018-04-06,0,44,-67,4,2018,96,0,4.4,-6.7,-1.15
USC00190120,2018-04-07,71,33,-39,4,2018,97,7.1,3.3,-3.9,-0.30000000000000004
USC00190120,2018-04-08,0,61,-39,4,2018,98,0,6.1,-3.9,1.0999999999999999
USC00190120,2018-04-09,0,56,-33,4,2018,99,0,5.6,-3.3,1.15
USC00190120,2018-04-10,0,72,-22,4,2018,100,0,7.2,-2.2,2.5
USC00190120,2018-04-11,0,56,-61,4,2018,101,0,5.6,-6.1,-0.25
USC00190120,2018-04-12,0,106,-44,4,2018,102,0,10.6,-4.4,3.0999999999999996
USC00190120,2018-04-13,0,133,-11,4,2018,103,0,13.3,-1.1,6.1000000000000005
USC00190120,2018-04-14,0,206,44,4,2018,104,0,20.6,4.4,12.5
USC00190120,2018-04-15,0,156,6,4,2018,105,0,15.6,0.6,8.1
USC00190120,2018-04-16,137,17,-17,4,2018,106,13.7,1.7,-1.7,0
USC00190120,2018-04-17,320,61,17,4,2018,107,32,6.1,1.7,3.9
USC00190120,2018-04-18,0,89,17,4,2018,108,0,8.9,1.7,5.3
USC00190120,2018-04-19,5,100,22,4,2018,109,0.5,10,2.2,6.1
USC00190120,2018-04-20,13,72,0,4,2018,110,1.3,7.2,0,3.6
USC00190120,2018-04-21,0,100,-33,4,2018,111,0,10,-3.3,3.35
USC00190120,2018-04-22,0,150,-39,4,2018,112,0,15,-3.9,5.55
USC00190120,2018-04-23,0,167,-33,4,2018,113,0,16.7,-3.3,6.699999999999999
USC00190120,2018-04-24,0,194,0,4,2018,114,0,19.4,0,9.7
USC00190120,2018-04-25,38,200,44,4,2018,115,3.8,20,4.4,12.2
USC00190120,2018-04-26,191,150,78,4,2018,116,19.1,15,7.8,11.4
USC00190120,2018-04-27,10,167,39,4,2018,117,1,16.7,3.9,10.299999999999999
USC00190120,2018-04-28,48,133,61,4,2018,118,4.8,13.3,6.1,9.7
USC00190120,2018-04-29,20,217,94,4,2018,119,2,21.7,9.4,15.55
USC00190120,2018-04-30,79,106,33,4,2018,120,7.9,10.6,3.3,6.949999999999999
USC00190120,2018-05-01,8,111,17,5,2018,121,0.8,11.1,1.7,6.3999999999999995
USC00190120,2018-05-02,0,228,50,5,2018,122,0,22.8,5,13.9
USC00190120,2018-05-03,0,311,100,5,2018,123,0,31.1,10,20.55
USC00190120,2018-05-04,10,300,172,5,2018,124,1,30,17.2,23.6
USC00190120,2018-05-05,0,300,117,5,2018,125,0,30,11.7,20.85
USC00190120,2018-05-06,0,239,117,5,2018,126,0,23.9,11.7,17.799999999999997
USC00190120,2018-05-07,43,161,89,5,2018,127,4.3,16.1,8.9,12.5
USC00190120,2018-05-08,0,222,67,5,2018,128,0,22.2,6.7,14.45
USC00190120,2018-05-09,0,244,67,5,2018,129,0,24.4,6.7,15.549999999999999
USC00190120,2018-05-10,0,272,94,5,2018,130,0,27.2,9.4,18.3
USC00190120,2018-05-11,0,178,122,5,2018,131,0,17.8,12.2,15
USC00190120,2018-05-12,0,222,67,5,2018,132,0,22.2,6.7,14.45
USC00190120,2018-05-13,43,222,67,5,2018,133,4.3,22.2,6.7,14.45
USC00190120,2018-05-14,0,178,72,5,2018,134,0,17.8,7.2,12.5
USC00190120,2018-05-15,0,250,111,5,2018,135,0,25,11.1,18.05
USC00190120,2018-05-16,203,272,117,5,2018,136,20.3,27.2,11.7,19.45
USC00190120,2018-05-17,0,211,106,5,2018,137,0,21.1,10.6,15.850000000000001
USC00190120,2018-05-18,0,250,128,5,2018,138,0,25,12.8,18.9
USC00190120,2018-05-19,0,206,44,5,2018,139,0,20.6,4.4,12.5
USC00190120,2018-05-20,114,150,83,5,2018,140,11.4,15,8.3,11.65
USC00190120,2018-05-21,0,256,83,5,2018,141,0,25.6,8.3,16.950000000000003
USC00190120,2018-05-22,0,256,94,5,2018,142,0,25.6,9.4,17.5
USC00190120,2018-05-23,8,172,117,5,2018,143,0.8,17.2,11.7,14.45
USC00190120,2018-05-24,0,283,83,5,2018,144,0,28.3,8.3,18.3
USC00190120,2018-05-25,0,267,89,5,2018,145,0,26.7,8.9,17.8
USC00190120,2018-05-26,0,306,122,5,2018,146,0,30.6,12.2,21.4
USC00190120,2018-05-27,10,311,150,5,2018,147,1,31.1,15,23.05
USC00190120,2018-05-28,23,156,94,5,2018,148,2.3,15.6,9.4,12.5
USC00190120,2018-05-29,5,206,94,5,2018,149,0.5,20.6,9.4,15
USC00190120,2018-05-30,0,311,128,5,2018,150,0,31.1,12.8,21.950000000000003
USC00190120,2018-05-31,0,283,100,5,2018,151,0,28.3,10,19.15
USC00190120,2018-06-01,0,261,144,6,2018,152,0,26.1,14.4,20.25
USC00190120,2018-06-02,0,261,189,6,2018,153,0,26.1,18.9,22.5
USC00190120,2018-06-03,0,283,150,6,2018,154,0,28.3,15,21.65
USC00190120,2018-06-04,107,228,83,6,2018,155,10.7,22.8,8.3,15.55
USC00190120,2018-06-05,206,139,83,6,2018,156,20.6,13.9,8.3,11.100000000000001
USC00190120,2018-06-06,0,178,67,6,2018,157,0,17.8,6.7,12.25
USC00190120,2018-06-07,0,211,111,6,2018,158,0,21.1,11.1,16.1
USC00190120,2018-06-08,0,211,122,6,2018,159,0,21.1,12.2,16.65
USC00190120,2018-06-09,0,267,111,6,2018,160,0,26.7,11.1,18.9
USC00190120,2018-06-10,0,267,100,6,2018,161,0,26.7,10,18.35
USC00190120,2018-06-11,0,228,122,6,2018,162,0,22.8,12.2,17.5
USC00190120,2018-06-12,0,239,100,6,2018,163,0,23.9,10,16.95
USC00190120,2018-06-13,0,261,128,6,2018,164,0,26.1,12.8,19.450000000000003
USC00190120,2018-06-14,0,217,150,6,2018,165,0,21.7,15,18.35
USC00190120,2018-06-15,10,250,144,6,2018,166,1,25,14.4,19.7
USC00190120,2018-06-16,0,222,78,6,2018,167,0,22.2,7.8,15
USC00190120,2018-06-17,0,283,111,6,2018,168,0,28.3,11.1,19.7
USC00190120,2018-06-18,0,311,156,6,2018,169,0,31.1,15.6,23.35
USC00190120,2018-06-19,295,333,206,6,2018,170,29.5,33.3,20.6,26.95
USC00190120,2018-06-20,0,272,100,6,2018,171,0,27.2,10,18.6
USC00190120,2018-06-21,0,272,100,6,2018,172,0,27.2,10,18.6
USC00190120,2018-06-22,0,283,100,6,2018,173,0,28.3,10,19.15
USC00190120,2018-06-23,8,256,139,6,2018,174,0.8,25.6,13.9,19.75
USC00190120,2018-06-24,10,178,139,6,2018,175,1,17.8,13.9,15.850000000000001
USC00190120,2018-06-25,216,261,144,6,2018,176,21.6,26.1,14.4,20.25
USC00190120,2018-06-26,0,267,67,6,2018,177,0,26.7,6.7,16.7
USC00190120,2018-06-27,0,250,100,6,2018,178,0,25,10,17.5
USC00190120,2018-06-28,579,239,161,6,2018,179,57.9,23.9,16.1,20
USC00190120,2018-06-29,345,256,161,6,2018,180,34.5,25.6,16.1,20.85
USC00190120,2018-06-30,0,311,161,6,2018,181,0,31.1,16.1,23.6
USC00190120,2018-07-01,0,322,189,7,2018,182,0,32.2,18.9,25.55
USC00190120,2018-07-02,0,361,189,7,2018,183,0,36.1,18.9,27.5
USC00190120,2018-07-03,0,339,200,7,2018,184,0,33.9,20,26.95
USC00190120,2018-07-04,109,339,211,7,2018,185,10.9,33.9,21.1,27.5
USC00190120,2018-07-05,0,339,211,7,2018,186,0,33.9,21.1,27.5
USC00190120,2018-07-06,0,322,239,7,2018,187,0,32.2,23.9,28.05
USC00190120,2018-07-07,140,NA,94,7,2018,188,14,NA,9.4,NA
USC00190120,2018-07-08,0,261,111,7,2018,189,0,26.1,11.1,18.6
USC00190120,2018-07-09,0,289,111,7,2018,190,0,28.9,11.1,20
USC00190120,2018-07-10,0,311,111,7,2018,191,0,31.1,11.1,21.1
USC00190120,2018-07-11,0,333,156,7,2018,192,0,33.3,15.6,24.45
USC00190120,2018-07-12,0,322,111,7,2018,193,0,32.2,11.1,21.650000000000002
USC00190120,2018-07-13,0,283,133,7,2018,194,0,28.3,13.3,20.8
USC00190120,2018-07-14,0,306,167,7,2018,195,0,30.6,16.7,23.65
USC00190120,2018-07-15,28,283,189,7,2018,196,2.8,28.3,18.9,23.6
USC00190120,2018-07-16,0,322,194,7,2018,197,0,32.2,19.4,25.8
USC00190120,2018-07-17,76,328,211,7,2018,198,7.6,32.8,21.1,26.95
USC00190120,2018-07-18,457,294,178,7,2018,199,45.7,29.4,17.8,23.6
USC00190120,2018-07-19,0,267,106,7,2018,200,0,26.7,10.6,18.65
USC00190120,2018-07-20,0,272,111,7,2018,201,0,27.2,11.1,19.15
USC00190120,2018-07-21,0,289,144,7,2018,202,0,28.9,14.4,21.65
USC00190120,2018-07-22,28,267,167,7,2018,203,2.8,26.7,16.7,21.7
USC00190120,2018-07-23,325,278,189,7,2018,204,32.5,27.8,18.9,23.35
USC00190120,2018-07-24,196,283,189,7,2018,205,19.6,28.3,18.9,23.6
USC00190120,2018-07-25,10,294,222,7,2018,206,1,29.4,22.2,25.799999999999997
USC00190120,2018-07-26,208,267,217,7,2018,207,20.8,26.7,21.7,24.2
USC00190120,2018-07-27,15,283,183,7,2018,208,1.5,28.3,18.3,23.3
USC00190120,2018-07-28,66,311,189,7,2018,209,6.6,31.1,18.9,25
USC00190120,2018-07-29,0,300,167,7,2018,210,0,30,16.7,23.35
USC00190120,2018-07-30,0,272,133,7,2018,211,0,27.2,13.3,20.25
USC00190120,2018-07-31,0,272,133,7,2018,212,0,27.2,13.3,20.25
USC00190120,2018-08-01,0,283,178,8,2018,213,0,28.3,17.8,23.05
USC00190120,2018-08-02,142,261,206,8,2018,214,14.2,26.1,20.6,23.35
USC00190120,2018-08-03,25,317,217,8,2018,215,2.5,31.7,21.7,26.7
USC00190120,2018-08-04,140,317,211,8,2018,216,14,31.7,21.1,26.4
USC00190120,2018-08-05,198,317,194,8,2018,217,19.8,31.7,19.4,25.549999999999997
USC00190120,2018-08-06,0,322,189,8,2018,218,0,32.2,18.9,25.55
USC00190120,2018-08-07,0,328,189,8,2018,219,0,32.8,18.9,25.849999999999998
USC00190120,2018-08-08,160,322,206,8,2018,220,16,32.2,20.6,26.400000000000002
USC00190120,2018-08-09,290,306,211,8,2018,221,29,30.6,21.1,25.85
USC00190120,2018-08-10,0,306,167,8,2018,222,0,30.6,16.7,23.65
USC00190120,2018-08-11,0,289,178,8,2018,223,0,28.9,17.8,23.35
USC00190120,2018-08-12,208,289,178,8,2018,224,20.8,28.9,17.8,23.35
USC00190120,2018-08-13,3,239,194,8,2018,225,0.3,23.9,19.4,21.65
USC00190120,2018-08-14,38,233,200,8,2018,226,3.8,23.3,20,21.65
USC00190120,2018-08-15,86,261,200,8,2018,227,8.6,26.1,20,23.05
USC00190120,2018-08-16,0,306,189,8,2018,228,0,30.6,18.9,24.75
USC00190120,2018-08-17,0,311,194,8,2018,229,0,31.1,19.4,25.25
USC00190120,2018-08-18,191,306,200,8,2018,230,19.1,30.6,20,25.3
USC00190120,2018-08-19,168,278,183,8,2018,231,16.8,27.8,18.3,23.05
USC00190120,2018-08-20,0,261,167,8,2018,232,0,26.1,16.7,21.4
USC00190120,2018-08-21,0,261,133,8,2018,233,0,26.1,13.3,19.700000000000003
USC00190120,2018-08-22,94,261,133,8,2018,234,9.4,26.1,13.3,19.700000000000003
USC00190120,2018-08-23,56,278,167,8,2018,235,5.6,27.8,16.7,22.25
USC00190120,2018-08-24,0,244,111,8,2018,236,0,24.4,11.1,17.75
USC00190120,2018-08-25,0,289,122,8,2018,237,0,28.9,12.2,20.549999999999997
USC00190120,2018-08-26,0,267,133,8,2018,238,0,26.7,13.3,20
USC00190120,2018-08-27,0,278,150,8,2018,239,0,27.8,15,21.4
USC00190120,2018-08-28,0,300,189,8,2018,240,0,30,18.9,24.45
USC00190120,2018-08-29,0,333,217,8,2018,241,0,33.3,21.7,27.5
USC00190120,2018-08-30,0,339,217,8,2018,242,0,33.9,21.7,27.799999999999997
USC00190120,2018-08-31,0,289,161,8,2018,243,0,28.9,16.1,22.5
USC00190120,2018-09-01,0,244,150,9,2018,244,0,24.4,15,19.7
USC00190120,2018-09-02,0,250,139,9,2018,245,0,25,13.9,19.45
USC00190120,2018-09-03,0,278,144,9,2018,246,0,27.8,14.4,21.1
USC00190120,2018-09-04,0,333,206,9,2018,247,0,33.3,20.6,26.95
USC00190120,2018-09-05,0,322,178,9,2018,248,0,32.2,17.8,25
USC00190120,2018-09-06,0,333,167,9,2018,249,0,33.3,16.7,25
USC00190120,2018-09-07,20,339,183,9,2018,250,2,33.9,18.3,26.1
USC00190120,2018-09-08,0,217,156,9,2018,251,0,21.7,15.6,18.65
USC00190120,2018-09-09,0,194,100,9,2018,252,0,19.4,10,14.7
USC00190120,2018-09-10,0,172,106,9,2018,253,0,17.2,10.6,13.899999999999999
USC00190120,2018-09-11,500,172,106,9,2018,254,50,17.2,10.6,13.899999999999999
USC00190120,2018-09-12,0,250,150,9,2018,255,0,25,15,20
USC00190120,2018-09-13,229,217,172,9,2018,256,22.9,21.7,17.2,19.45
USC00190120,2018-09-14,3,233,161,9,2018,257,0.3,23.3,16.1,19.700000000000003
USC00190120,2018-09-15,0,250,161,9,2018,258,0,25,16.1,20.55
USC00190120,2018-09-16,0,278,156,9,2018,259,0,27.8,15.6,21.7
USC00190120,2018-09-17,3,306,172,9,2018,260,0.3,30.6,17.2,23.9
USC00190120,2018-09-18,335,272,194,9,2018,261,33.5,27.2,19.4,23.299999999999997
USC00190120,2018-09-19,389,261,167,9,2018,262,38.9,26.1,16.7,21.4
USC00190120,2018-09-20,0,250,150,9,2018,263,0,25,15,20
USC00190120,2018-09-21,0,206,156,9,2018,264,0,20.6,15.6,18.1
USC00190120,2018-09-22,30,206,156,9,2018,265,3,20.6,15.6,18.1
USC00190120,2018-09-23,0,211,72,9,2018,266,0,21.1,7.2,14.15
USC00190120,2018-09-24,0,161,72,9,2018,267,0,16.1,7.2,11.65
USC00190120,2018-09-25,0,139,83,9,2018,268,0,13.9,8.3,11.100000000000001
USC00190120,2018-09-26,419,144,83,9,2018,269,41.9,14.4,8.3,11.350000000000001
USC00190120,2018-09-27,328,261,133,9,2018,270,32.8,26.1,13.3,19.700000000000003
USC00190120,2018-09-28,71,217,111,9,2018,271,7.1,21.7,11.1,16.4
USC00190120,2018-09-29,13,161,78,9,2018,272,1.3,16.1,7.8,11.950000000000001
USC00190120,2018-09-30,0,194,61,9,2018,273,0,19.4,6.1,12.75
USC00190120,2018-10-01,0,189,56,10,2018,274,0,18.9,5.6,12.25
USC00190120,2018-10-02,81,189,111,10,2018,275,8.1,18.9,11.1,15
USC00190120,2018-10-03,185,133,111,10,2018,276,18.5,13.3,11.1,12.2
USC00190120,2018-10-04,0,217,117,10,2018,277,0,21.7,11.7,16.7
USC00190120,2018-10-05,0,239,106,10,2018,278,0,23.9,10.6,17.25
USC00190120,2018-10-06,0,183,78,10,2018,279,0,18.3,7.8,13.05
USC00190120,2018-10-07,0,167,94,10,2018,280,0,16.7,9.4,13.05
USC00190120,2018-10-08,0,261,144,10,2018,281,0,26.1,14.4,20.25
USC00190120,2018-10-09,3,156,128,10,2018,282,0.3,15.6,12.8,14.2
USC00190120,2018-10-10,0,256,156,10,2018,283,0,25.6,15.6,20.6
USC00190120,2018-10-11,0,278,156,10,2018,284,0,27.8,15.6,21.7
USC00190120,2018-10-12,340,228,144,10,2018,285,34,22.8,14.4,18.6
USC00190120,2018-10-13,0,156,61,10,2018,286,0,15.6,6.1,10.85
USC00190120,2018-10-14,48,122,11,10,2018,287,4.8,12.2,1.1,6.6499999999999995
USC00190120,2018-10-15,3,144,17,10,2018,288,0.3,14.4,1.7,8.05
USC00190120,2018-10-16,86,167,33,10,2018,289,8.6,16.7,3.3,10
USC00190120,2018-10-17,0,128,6,10,2018,290,0,12.8,0.6,6.7
USC00190120,2018-10-18,20,150,6,10,2018,291,2,15,0.6,7.8
USC00190120,2018-10-19,0,72,-17,10,2018,292,0,7.2,-1.7,2.75
USC00190120,2018-10-20,0,161,-17,10,2018,293,0,16.1,-1.7,7.200000000000001
USC00190120,2018-10-21,25,167,67,10,2018,294,2.5,16.7,6.7,11.7
USC00190120,2018-10-22,0,78,-44,10,2018,295,0,7.8,-4.4,1.6999999999999997
USC00190120,2018-10-23,0,106,-44,10,2018,296,0,10.6,-4.4,3.0999999999999996
USC00190120,2018-10-24,13,133,-44,10,2018,297,1.3,13.3,-4.4,4.45
USC00190120,2018-10-25,0,106,-22,10,2018,298,0,10.6,-2.2,4.199999999999999
USC00190120,2018-10-26,0,78,-44,10,2018,299,0,7.8,-4.4,1.6999999999999997
USC00190120,2018-10-27,15,78,-39,10,2018,300,1.5,7.8,-3.9,1.95
USC00190120,2018-10-28,213,61,28,10,2018,301,21.3,6.1,2.8,4.449999999999999
USC00190120,2018-10-29,28,94,39,10,2018,302,2.8,9.4,3.9,6.65
USC00190120,2018-10-30,94,111,11,10,2018,303,9.4,11.1,1.1,6.1
USC00190120,2018-10-31,0,89,-33,10,2018,304,0,8.9,-3.3,2.8000000000000003
USC00190120,2018-11-01,0,150,-33,11,2018,305,0,15,-3.3,5.85
USC00190120,2018-11-02,46,144,83,11,2018,306,4.6,14.4,8.3,11.350000000000001
USC00190120,2018-11-03,523,189,117,11,2018,307,52.3,18.9,11.7,15.299999999999999
USC00190120,2018-11-04,43,139,11,11,2018,308,4.3,13.9,1.1,7.5
USC00190120,2018-11-05,0,111,6,11,2018,309,0,11.1,0.6,5.85
USC00190120,2018-11-06,76,67,17,11,2018,310,7.6,6.7,1.7,4.2
USC00190120,2018-11-07,145,111,50,11,2018,311,14.5,11.1,5,8.05
USC00190120,2018-11-08,0,161,-6,11,2018,312,0,16.1,-0.6,7.750000000000001
USC00190120,2018-11-09,0,106,-33,11,2018,313,0,10.6,-3.3,3.65
USC00190120,2018-11-10,196,61,-28,11,2018,314,19.6,6.1,-2.8,1.65
USC00190120,2018-11-11,0,67,-33,11,2018,315,0,6.7,-3.3,1.7000000000000002
USC00190120,2018-11-12,0,56,-56,11,2018,316,0,5.6,-5.6,0
USC00190120,2018-11-13,137,89,-50,11,2018,317,13.7,8.9,-5,1.9500000000000002
USC00190120,2018-11-14,173,56,-6,11,2018,318,17.3,5.6,-0.6,2.5
USC00190120,2018-11-15,0,6,-61,11,2018,319,0,0.6,-6.1,-2.75
USC00190120,2018-11-16,183,6,-61,11,2018,320,18.3,0.6,-6.1,-2.75
USC00190120,2018-11-17,10,50,-11,11,2018,321,1,5,-1.1,1.95
USC00190120,2018-11-18,0,67,-17,11,2018,322,0,6.7,-1.7,2.5
USC00190120,2018-11-19,61,28,-17,11,2018,323,6.1,2.8,-1.7,0.5499999999999999
USC00190120,2018-11-20,58,22,-6,11,2018,324,5.8,2.2,-0.6,0.8
USC00190120,2018-11-21,43,17,-28,11,2018,325,4.3,1.7,-2.8,-0.5499999999999999
USC00190120,2018-11-22,0,44,-122,11,2018,326,0,4.4,-12.2,-3.8999999999999995
USC00190120,2018-11-23,0,-78,-150,11,2018,327,0,-7.8,-15,-11.4
USC00190120,2018-11-24,0,-33,-150,11,2018,328,0,-3.3,-15,-9.15
USC00190120,2018-11-25,28,22,-83,11,2018,329,2.8,2.2,-8.3,-3.0500000000000003
USC00190120,2018-11-26,0,61,-22,11,2018,330,0,6.1,-2.2,1.9499999999999997
USC00190120,2018-11-27,206,50,-17,11,2018,331,20.6,5,-1.7,1.65
USC00190120,2018-11-28,18,50,-11,11,2018,332,1.8,5,-1.1,1.95
USC00190120,2018-11-29,0,44,11,11,2018,333,0,4.4,1.1,2.75
USC00190120,2018-11-30,0,39,-56,11,2018,334,0,3.9,-5.6,-0.8499999999999999
USC00190120,2018-12-01,0,11,-50,12,2018,335,0,1.1,-5,-1.95
USC00190120,2018-12-02,122,44,-44,12,2018,336,12.2,4.4,-4.4,0
USC00190120,2018-12-03,71,39,0,12,2018,337,7.1,3.9,0,1.95
USC00190120,2018-12-04,0,111,6,12,2018,338,0,11.1,0.6,5.85
USC00190120,2018-12-05,0,17,-89,12,2018,339,0,1.7,-8.9,-3.6
USC00190120,2018-12-06,0,-6,-83,12,2018,340,0,-0.6,-8.3,-4.45
USC00190120,2018-12-07,0,28,-72,12,2018,341,0,2.8,-7.2,-2.2
USC00190120,2018-12-08,0,6,-94,12,2018,342,0,0.6,-9.4,-4.4
USC00190120,2018-12-09,0,-17,-106,12,2018,343,0,-1.7,-10.6,-6.1499999999999995
USC00190120,2018-12-10,0,11,-106,12,2018,344,0,1.1,-10.6,-4.75
USC00190120,2018-12-11,0,22,-117,12,2018,345,0,2.2,-11.7,-4.75
USC00190120,2018-12-12,0,6,-111,12,2018,346,0,0.6,-11.1,-5.25
USC00190120,2018-12-13,0,17,-78,12,2018,347,0,1.7,-7.8,-3.05
USC00190120,2018-12-14,10,-22,-78,12,2018,348,1,-2.2,-7.8,-5
USC00190120,2018-12-15,0,50,-22,12,2018,349,0,5,-2.2,1.4
USC00190120,2018-12-16,0,106,-11,12,2018,350,0,10.6,-1.1,4.75
USC00190120,2018-12-17,122,44,0,12,2018,351,12.2,4.4,0,2.2
USC00190120,2018-12-18,0,50,-50,12,2018,352,0,5,-5,0
USC00190120,2018-12-19,0,-22,-89,12,2018,353,0,-2.2,-8.9,-5.550000000000001
USC00190120,2018-12-20,0,28,-89,12,2018,354,0,2.8,-8.9,-3.0500000000000003
USC00190120,2018-12-21,191,44,-72,12,2018,355,19.1,4.4,-7.2,-1.4
USC00190120,2018-12-22,508,150,39,12,2018,356,50.8,15,3.9,9.45
USC00190120,2018-12-23,0,100,-39,12,2018,357,0,10,-3.9,3.05
USC00190120,2018-12-24,0,22,-39,12,2018,358,0,2.2,-3.9,-0.8499999999999999
USC00190120,2018-12-25,0,22,-33,12,2018,359,0,2.2,-3.3,-0.5499999999999998
USC00190120,2018-12-26,0,17,-89,12,2018,360,0,1.7,-8.9,-3.6
USC00190120,2018-12-27,0,22,-89,12,2018,361,0,2.2,-8.9,-3.35
USC00190120,2018-12-28,36,11,-33,12,2018,362,3.6,1.1,-3.3,-1.0999999999999999
USC00190120,2018-12-29,109,28,-17,12,2018,363,10.9,2.8,-1.7,0.5499999999999999
USC00190120,2018-12-30,0,72,-39,12,2018,364,0,7.2,-3.9,1.6500000000000001
USC00190120,2018-12-31,0,22,-44,12,2018,365,0,2.2,-4.4,-1.1
USC00190120,2019-01-01,211,39,-50,1,2019,1,21.1,3.9,-5,-0.55
USC00190120,2019-01-02,0,94,-50,1,2019,2,0,9.4,-5,2.2
USC00190120,2019-01-03,8,6,-44,1,2019,3,0.8,0.6,-4.4,-1.9000000000000001
USC00190120,2019-01-04,0,50,-33,1,2019,4,0,5,-3.3,0.8500000000000001
USC00190120,2019-01-05,36,61,-28,1,2019,5,3.6,6.1,-2.8,1.65
USC00190120,2019-01-06,91,28,-39,1,2019,6,9.1,2.8,-3.9,-0.55
USC00190120,2019-01-07,0,50,-83,1,2019,7,0,5,-8.3,-1.6500000000000004
USC00190120,2019-01-08,5,-28,-83,1,2019,8,0.5,-2.8,-8.3,-5.550000000000001
USC00190120,2019-01-09,109,0,-39,1,2019,9,10.9,0,-3.9,-1.95
USC00190120,2019-01-10,0,44,-11,1,2019,10,0,4.4,-1.1,1.6500000000000001
USC00190120,2019-01-11,0,-6,-89,1,2019,11,0,-0.6,-8.9,-4.75
USC00190120,2019-01-12,0,-50,-128,1,2019,12,0,-5,-12.8,-8.9
USC00190120,2019-01-13,0,-33,-122,1,2019,13,0,-3.3,-12.2,-7.75
USC00190120,2019-01-14,0,-39,-122,1,2019,14,0,-3.9,-12.2,-8.049999999999999
USC00190120,2019-01-15,0,-6,-122,1,2019,15,0,-0.6,-12.2,-6.3999999999999995
USC00190120,2019-01-16,0,0,-117,1,2019,16,0,0,-11.7,-5.85
USC00190120,2019-01-17,0,17,-94,1,2019,17,0,1.7,-9.4,-3.85
USC00190120,2019-01-18,0,-28,-100,1,2019,18,0,-2.8,-10,-6.4
USC00190120,2019-01-19,0,6,-61,1,2019,19,0,0.6,-6.1,-2.75
USC00190120,2019-01-20,224,-17,-72,1,2019,20,22.4,-1.7,-7.2,-4.45
USC00190120,2019-01-21,107,-44,-200,1,2019,21,10.7,-4.4,-20,-12.2
USC00190120,2019-01-22,0,-150,-200,1,2019,22,0,-15,-20,-17.5
USC00190120,2019-01-23,0,-33,-200,1,2019,23,0,-3.3,-20,-11.65
USC00190120,2019-01-24,56,78,-56,1,2019,24,5.6,7.8,-5.6,1.1
USC00190120,2019-01-25,368,106,-56,1,2019,25,36.8,10.6,-5.6,2.5
USC00190120,2019-01-26,0,22,-89,1,2019,26,0,2.2,-8.9,-3.35
USC00190120,2019-01-27,0,-11,-106,1,2019,27,0,-1.1,-10.6,-5.85
USC00190120,2019-01-28,0,17,-100,1,2019,28,0,1.7,-10,-4.15
USC00190120,2019-01-29,0,-33,-111,1,2019,29,0,-3.3,-11.1,-7.199999999999999
USC00190120,2019-01-30,79,-28,-106,1,2019,30,7.9,-2.8,-10.6,-6.699999999999999
USC00190120,2019-01-31,0,-28,-228,1,2019,31,0,-2.8,-22.8,-12.8
USC00190120,2019-02-01,0,-94,-222,2,2019,32,0,-9.4,-22.2,-15.8
USC00190120,2019-02-02,0,-56,-217,2,2019,33,0,-5.6,-21.7,-13.649999999999999
USC00190120,2019-02-03,0,6,-217,2,2019,34,0,0.6,-21.7,-10.549999999999999
USC00190120,2019-02-04,0,56,-50,2,2019,35,0,5.6,-5,0.2999999999999998
USC00190120,2019-02-05,0,128,-50,2,2019,36,0,12.8,-5,3.9000000000000004
USC00190120,2019-02-06,0,144,-39,2,2019,37,0,14.4,-3.9,5.25
USC00190120,2019-02-07,150,39,-22,2,2019,38,15,3.9,-2.2,0.8499999999999999
USC00190120,2019-02-08,33,39,-22,2,2019,39,3.3,3.9,-2.2,0.8499999999999999
USC00190120,2019-02-09,15,89,-56,2,2019,40,1.5,8.9,-5.6,1.6500000000000004
USC00190120,2019-02-10,0,-11,-100,2,2019,41,0,-1.1,-10,-5.55
USC00190120,2019-02-11,0,0,-94,2,2019,42,0,0,-9.4,-4.7
USC00190120,2019-02-12,0,17,-94,2,2019,43,0,1.7,-9.4,-3.85
USC00190120,2019-02-13,262,-22,-94,2,2019,44,26.2,-2.2,-9.4,-5.800000000000001
USC00190120,2019-02-14,13,28,-28,2,2019,45,1.3,2.8,-2.8,0
USC00190120,2019-02-15,0,22,-61,2,2019,46,0,2.2,-6.1,-1.9499999999999997
USC00190120,2019-02-16,5,50,-39,2,2019,47,0.5,5,-3.9,0.55
USC00190120,2019-02-17,0,22,-122,2,2019,48,0,2.2,-12.2,-5
USC00190120,2019-02-18,43,22,-117,2,2019,49,4.3,2.2,-11.7,-4.75
USC00190120,2019-02-19,10,-17,-150,2,2019,50,1,-1.7,-15,-8.35
USC00190120,2019-02-20,0,-33,-161,2,2019,51,0,-3.3,-16.1,-9.700000000000001
USC00190120,2019-02-21,99,-28,-150,2,2019,52,9.9,-2.8,-15,-8.9
USC00190120,2019-02-22,0,67,-39,2,2019,53,0,6.7,-3.9,1.4000000000000001
USC00190120,2019-02-23,0,44,-89,2,2019,54,0,4.4,-8.9,-2.25
USC00190120,2019-02-24,36,17,-83,2,2019,55,3.6,1.7,-8.3,-3.3000000000000003
USC00190120,2019-02-25,104,33,-28,2,2019,56,10.4,3.3,-2.8,0.25
USC00190120,2019-02-26,0,0,-67,2,2019,57,0,0,-6.7,-3.35
USC00190120,2019-02-27,0,-39,-122,2,2019,58,0,-3.9,-12.2,-8.049999999999999
USC00190120,2019-02-28,43,-56,-117,2,2019,59,4.3,-5.6,-11.7,-8.649999999999999
USC00190120,2019-03-01,0,-22,-106,3,2019,60,0,-2.2,-10.6,-6.4
USC00190120,2019-03-02,0,11,-83,3,2019,61,0,1.1,-8.3,-3.6000000000000005
USC00190120,2019-03-03,0,22,-61,3,2019,62,0,2.2,-6.1,-1.9499999999999997
USC00190120,2019-03-04,114,44,-56,3,2019,63,11.4,4.4,-5.6,-0.5999999999999996
USC00190120,2019-03-05,0,22,-128,3,2019,64,0,2.2,-12.8,-5.300000000000001
USC00190120,2019-03-06,0,-22,-122,3,2019,65,0,-2.2,-12.2,-7.199999999999999
USC00190120,2019-03-07,0,-50,-156,3,2019,66,0,-5,-15.6,-10.3
USC00190120,2019-03-08,0,-39,-156,3,2019,67,0,-3.9,-15.6,-9.75
USC00190120,2019-03-09,0,6,-128,3,2019,68,0,0.6,-12.8,-6.1000000000000005
USC00190120,2019-03-10,10,67,-111,3,2019,69,1,6.7,-11.1,-2.1999999999999997
USC00190120,2019-03-11,71,33,-28,3,2019,70,7.1,3.3,-2.8,0.25
USC00190120,2019-03-12,0,78,-6,3,2019,71,0,7.8,-0.6,3.6
USC00190120,2019-03-13,0,39,-72,3,2019,72,0,3.9,-7.2,-1.6500000000000001
USC00190120,2019-03-14,0,50,-72,3,2019,73,0,5,-7.2,-1.1
USC00190120,2019-03-15,0,117,11,3,2019,74,0,11.7,1.1,6.3999999999999995
USC00190120,2019-03-16,0,167,33,3,2019,75,0,16.7,3.3,10
USC00190120,2019-03-17,0,67,-17,3,2019,76,0,6.7,-1.7,2.5
USC00190120,2019-03-18,0,28,-67,3,2019,77,0,2.8,-6.7,-1.9500000000000002
USC00190120,2019-03-19,0,44,-67,3,2019,78,0,4.4,-6.7,-1.15
USC00190120,2019-03-20,0,56,-61,3,2019,79,0,5.6,-6.1,-0.25
USC00190120,2019-03-21,0,111,-44,3,2019,80,0,11.1,-4.4,3.3499999999999996
USC00190120,2019-03-22,76,78,-11,3,2019,81,7.6,7.8,-1.1,3.3499999999999996
USC00190120,2019-03-23,53,56,-6,3,2019,82,5.3,5.6,-0.6,2.5
USC00190120,2019-03-24,0,50,-50,3,2019,83,0,5,-5,0
USC00190120,2019-03-25,0,122,-44,3,2019,84,0,12.2,-4.4,3.8999999999999995
USC00190120,2019-03-26,0,72,-50,3,2019,85,0,7.2,-5,1.1
USC00190120,2019-03-27,0,56,-78,3,2019,86,0,5.6,-7.8,-1.1
USC00190120,2019-03-28,0,72,-67,3,2019,87,0,7.2,-6.7,0.25
USC00190120,2019-03-29,0,106,-22,3,2019,88,0,10.6,-2.2,4.199999999999999
USC00190120,2019-03-30,28,61,39,3,2019,89,2.8,6.1,3.9,5
USC00190120,2019-03-31,0,194,39,3,2019,90,0,19.4,3.9,11.649999999999999
USC00190120,2019-04-01,66,150,0,4,2019,91,6.6,15,0,7.5
USC00190120,2019-04-02,0,50,-67,4,2019,92,0,5,-6.7,-0.8500000000000001
USC00190120,2019-04-03,0,100,-50,4,2019,93,0,10,-5,2.5
USC00190120,2019-04-04,0,161,-50,4,2019,94,0,16.1,-5,5.550000000000001
USC00190120,2019-04-05,0,89,-44,4,2019,95,0,8.9,-4.4,2.25
USC00190120,2019-04-06,56,61,-33,4,2019,96,5.6,6.1,-3.3,1.4
USC00190120,2019-04-07,0,150,-6,4,2019,97,0,15,-0.6,7.2
USC00190120,2019-04-08,107,189,0,4,2019,98,10.7,18.9,0,9.45
USC00190120,2019-04-09,86,83,11,4,2019,99,8.6,8.3,1.1,4.7
USC00190120,2019-04-10,79,67,-17,4,2019,100,7.9,6.7,-1.7,2.5
USC00190120,2019-04-11,0,89,-33,4,2019,101,0,8.9,-3.3,2.8000000000000003
USC00190120,2019-04-12,0,111,-22,4,2019,102,0,11.1,-2.2,4.449999999999999
USC00190120,2019-04-13,198,133,33,4,2019,103,19.8,13.3,3.3,8.3
USC00190120,2019-04-14,8,233,67,4,2019,104,0.8,23.3,6.7,15
USC00190120,2019-04-15,135,211,89,4,2019,105,13.5,21.1,8.9,15
USC00190120,2019-04-16,117,178,39,4,2019,106,11.7,17.8,3.9,10.85
USC00190120,2019-04-17,0,139,-11,4,2019,107,0,13.9,-1.1,6.4
USC00190120,2019-04-18,8,172,44,4,2019,108,0.8,17.2,4.4,10.8
USC00190120,2019-04-19,5,150,61,4,2019,109,0.5,15,6.1,10.55
USC00190120,2019-04-20,104,239,144,4,2019,110,10.4,23.9,14.4,19.15
USC00190120,2019-04-21,216,206,122,4,2019,111,21.6,20.6,12.2,16.4
USC00190120,2019-04-22,5,172,83,4,2019,112,0.5,17.2,8.3,12.75
USC00190120,2019-04-23,147,217,111,4,2019,113,14.7,21.7,11.1,16.4
USC00190120,2019-04-24,36,222,111,4,2019,114,3.6,22.2,11.1,16.65
USC00190120,2019-04-25,0,150,22,4,2019,115,0,15,2.2,8.6
USC00190120,2019-04-26,20,189,56,4,2019,116,2,18.9,5.6,12.25
USC00190120,2019-04-27,414,111,61,4,2019,117,41.4,11.1,6.1,8.6
USC00190120,2019-04-28,18,89,22,4,2019,118,1.8,8.9,2.2,5.550000000000001
USC00190120,2019-04-29,5,94,-17,4,2019,119,0.5,9.4,-1.7,3.85
USC00190120,2019-04-30,46,156,17,4,2019,120,4.6,15.6,1.7,8.65
USC00190120,2019-05-01,0,156,17,5,2019,121,0,15.6,1.7,8.65
USC00190120,2019-05-02,13,122,56,5,2019,122,1.3,12.2,5.6,8.899999999999999
USC00190120,2019-05-03,10,122,56,5,2019,123,1,12.2,5.6,8.899999999999999
USC00190120,2019-05-04,112,122,72,5,2019,124,11.2,12.2,7.2,9.7
USC00190120,2019-05-05,28,178,111,5,2019,125,2.8,17.8,11.1,14.45
USC00190120,2019-05-06,25,133,83,5,2019,126,2.5,13.3,8.3,10.8
USC00190120,2019-05-07,0,217,89,5,2019,127,0,21.7,8.9,15.3
USC00190120,2019-05-08,10,228,94,5,2019,128,1,22.8,9.4,16.1
USC00190120,2019-05-09,0,200,28,5,2019,129,0,20,2.8,11.4
USC00190120,2019-05-10,0,194,61,5,2019,130,0,19.4,6.1,12.75
USC00190120,2019-05-11,15,167,100,5,2019,131,1.5,16.7,10,13.35
USC00190120,2019-05-12,0,189,89,5,2019,132,0,18.9,8.9,13.899999999999999
USC00190120,2019-05-13,157,94,50,5,2019,133,15.7,9.4,5,7.2
USC00190120,2019-05-14,104,133,33,5,2019,134,10.4,13.3,3.3,8.3
USC00190120,2019-05-15,0,89,39,5,2019,135,0,8.9,3.9,6.4
USC00190120,2019-05-16,10,172,44,5,2019,136,1,17.2,4.4,10.8
USC00190120,2019-05-17,0,206,61,5,2019,137,0,20.6,6.1,13.350000000000001
USC00190120,2019-05-18,36,189,78,5,2019,138,3.6,18.9,7.8,13.35
USC00190120,2019-05-19,0,233,83,5,2019,139,0,23.3,8.3,15.8
USC00190120,2019-05-20,13,256,122,5,2019,140,1.3,25.6,12.2,18.9
USC00190120,2019-05-21,15,283,106,5,2019,141,1.5,28.3,10.6,19.45
USC00190120,2019-05-22,0,189,39,5,2019,142,0,18.9,3.9,11.399999999999999
USC00190120,2019-05-23,0,228,111,5,2019,143,0,22.8,11.1,16.95
USC00190120,2019-05-24,86,200,117,5,2019,144,8.6,20,11.7,15.85
USC00190120,2019-05-25,0,217,67,5,2019,145,0,21.7,6.7,14.2
USC00190120,2019-05-26,13,228,111,5,2019,146,1.3,22.8,11.1,16.95
USC00190120,2019-05-27,0,294,111,5,2019,147,0,29.4,11.1,20.25
USC00190120,2019-05-28,0,261,117,5,2019,148,0,26.1,11.7,18.9
USC00190120,2019-05-29,112,161,72,5,2019,149,11.2,16.1,7.2,11.65
USC00190120,2019-05-30,0,172,83,5,2019,150,0,17.2,8.3,12.75
USC00190120,2019-05-31,28,189,117,5,2019,151,2.8,18.9,11.7,15.299999999999999
USC00190120,2019-06-01,0,244,89,6,2019,152,0,24.4,8.9,16.65
USC00190120,2019-06-02,0,261,111,6,2019,153,0,26.1,11.1,18.6
USC00190120,2019-06-03,0,244,89,6,2019,154,0,24.4,8.9,16.65
USC00190120,2019-06-04,0,189,39,6,2019,155,0,18.9,3.9,11.399999999999999
USC00190120,2019-06-05,0,211,94,6,2019,156,0,21.1,9.4,15.25
USC00190120,2019-06-06,46,267,172,6,2019,157,4.6,26.7,17.2,21.95
USC00190120,2019-06-07,0,267,117,6,2019,158,0,26.7,11.7,19.2
USC00190120,2019-06-08,0,283,111,6,2019,159,0,28.3,11.1,19.7
USC00190120,2019-06-09,0,283,89,6,2019,160,0,28.3,8.9,18.6
USC00190120,2019-06-10,0,272,89,6,2019,161,0,27.2,8.9,18.05
USC00190120,2019-06-11,165,267,133,6,2019,162,16.5,26.7,13.3,20
USC00190120,2019-06-12,0,239,78,6,2019,163,0,23.9,7.8,15.85
USC00190120,2019-06-13,0,239,117,6,2019,164,0,23.9,11.7,17.799999999999997
USC00190120,2019-06-14,61,150,111,6,2019,165,6.1,15,11.1,13.05
USC00190120,2019-06-15,0,211,89,6,2019,166,0,21.1,8.9,15
USC00190120,2019-06-16,10,272,139,6,2019,167,1,27.2,13.9,20.55
USC00190120,2019-06-17,163,194,161,6,2019,168,16.3,19.4,16.1,17.75
USC00190120,2019-06-18,0,250,144,6,2019,169,0,25,14.4,19.7
USC00190120,2019-06-19,25,200,167,6,2019,170,2.5,20,16.7,18.35
USC00190120,2019-06-20,10,256,183,6,2019,171,1,25.6,18.3,21.950000000000003
USC00190120,2019-06-21,23,228,183,6,2019,172,2.3,22.8,18.3,20.55
USC00190120,2019-06-22,8,239,100,6,2019,173,0.8,23.9,10,16.95
USC00190120,2019-06-23,0,256,100,6,2019,174,0,25.6,10,17.8
USC00190120,2019-06-24,0,289,117,6,2019,175,0,28.9,11.7,20.299999999999997
USC00190120,2019-06-25,0,294,156,6,2019,176,0,29.4,15.6,22.5
USC00190120,2019-06-26,201,233,178,6,2019,177,20.1,23.3,17.8,20.55
USC00190120,2019-06-27,76,300,150,6,2019,178,7.6,30,15,22.5
USC00190120,2019-06-28,0,306,150,6,2019,179,0,30.6,15,22.8
USC00190120,2019-06-29,0,322,178,6,2019,180,0,32.2,17.8,25
USC00190120,2019-06-30,0,294,161,6,2019,181,0,29.4,16.1,22.75
USC00190120,2019-07-01,127,239,128,7,2019,182,12.7,23.9,12.8,18.35
USC00190120,2019-07-02,0,289,161,7,2019,183,0,28.9,16.1,22.5
USC00190120,2019-07-03,0,283,161,7,2019,184,0,28.3,16.1,22.200000000000003
USC00190120,2019-07-04,0,317,167,7,2019,185,0,31.7,16.7,24.2
USC00190120,2019-07-05,0,322,172,7,2019,186,0,32.2,17.2,24.700000000000003
USC00190120,2019-07-06,0,311,200,7,2019,187,0,31.1,20,25.55
USC00190120,2019-07-07,18,322,200,7,2019,188,1.8,32.2,20,26.1
USC00190120,2019-07-08,0,283,128,7,2019,189,0,28.3,12.8,20.55
USC00190120,2019-07-09,0,289,117,7,2019,190,0,28.9,11.7,20.299999999999997
USC00190120,2019-07-10,0,300,139,7,2019,191,0,30,13.9,21.95
USC00190120,2019-07-11,0,311,167,7,2019,192,0,31.1,16.7,23.9
USC00190120,2019-07-12,8,289,183,7,2019,193,0.8,28.9,18.3,23.6
USC00190120,2019-07-13,0,300,172,7,2019,194,0,30,17.2,23.6
USC00190120,2019-07-14,0,300,183,7,2019,195,0,30,18.3,24.15
USC00190120,2019-07-15,0,306,144,7,2019,196,0,30.6,14.4,22.5
USC00190120,2019-07-16,0,283,128,7,2019,197,0,28.3,12.8,20.55
USC00190120,2019-07-17,0,328,150,7,2019,198,0,32.8,15,23.9
USC00190120,2019-07-18,33,317,217,7,2019,199,3.3,31.7,21.7,26.7
USC00190120,2019-07-19,0,244,194,7,2019,200,0,24.4,19.4,21.9
USC00190120,2019-07-20,0,339,200,7,2019,201,0,33.9,20,26.95
USC00190120,2019-07-21,0,350,217,7,2019,202,0,35,21.7,28.35
USC00190120,2019-07-22,0,339,183,7,2019,203,0,33.9,18.3,26.1
USC00190120,2019-07-23,561,244,172,7,2019,204,56.1,24.4,17.2,20.799999999999997
USC00190120,2019-07-24,30,233,161,7,2019,205,3,23.3,16.1,19.700000000000003
USC00190120,2019-07-25,0,278,122,7,2019,206,0,27.8,12.2,20
USC00190120,2019-07-26,0,283,139,7,2019,207,0,28.3,13.9,21.1
USC00190120,2019-07-27,0,306,183,7,2019,208,0,30.6,18.3,24.450000000000003
USC00190120,2019-07-28,0,294,172,7,2019,209,0,29.4,17.2,23.299999999999997
USC00190120,2019-07-29,0,322,189,7,2019,210,0,32.2,18.9,25.55
USC00190120,2019-07-30,0,328,194,7,2019,211,0,32.8,19.4,26.099999999999998
USC00190120,2019-07-31,0,339,200,7,2019,212,0,33.9,20,26.95
USC00190120,2019-08-01,64,300,172,8,2019,213,6.4,30,17.2,23.6
USC00190120,2019-08-02,0,294,128,8,2019,214,0,29.4,12.8,21.1
USC00190120,2019-08-03,0,294,144,8,2019,215,0,29.4,14.4,21.9
USC00190120,2019-08-04,175,278,156,8,2019,216,17.5,27.8,15.6,21.7
USC00190120,2019-08-05,13,283,117,8,2019,217,1.3,28.3,11.7,20
USC00190120,2019-08-06,0,283,117,8,2019,218,0,28.3,11.7,20
USC00190120,2019-08-07,0,278,139,8,2019,219,0,27.8,13.9,20.85
USC00190120,2019-08-08,297,289,200,8,2019,220,29.7,28.9,20,24.45
USC00190120,2019-08-09,0,300,161,8,2019,221,0,30,16.1,23.05
USC00190120,2019-08-10,0,278,111,8,2019,222,0,27.8,11.1,19.45
USC00190120,2019-08-11,0,256,100,8,2019,223,0,25.6,10,17.8
USC00190120,2019-08-12,0,256,117,8,2019,224,0,25.6,11.7,18.65
USC00190120,2019-08-13,0,289,144,8,2019,225,0,28.9,14.4,21.65
USC00190120,2019-08-14,0,289,144,8,2019,226,0,28.9,14.4,21.65
USC00190120,2019-08-15,0,278,167,8,2019,227,0,27.8,16.7,22.25
USC00190120,2019-08-16,0,289,167,8,2019,228,0,28.9,16.7,22.799999999999997
USC00190120,2019-08-17,0,300,178,8,2019,229,0,30,17.8,23.9
USC00190120,2019-08-18,165,289,194,8,2019,230,16.5,28.9,19.4,24.15
USC00190120,2019-08-19,36,306,194,8,2019,231,3.6,30.6,19.4,25
USC00190120,2019-08-20,0,311,161,8,2019,232,0,31.1,16.1,23.6
USC00190120,2019-08-21,46,306,167,8,2019,233,4.6,30.6,16.7,23.65
USC00190120,2019-08-22,66,261,178,8,2019,234,6.6,26.1,17.8,21.950000000000003
USC00190120,2019-08-23,0,294,178,8,2019,235,0,29.4,17.8,23.6
USC00190120,2019-08-24,0,244,94,8,2019,236,0,24.4,9.4,16.9
USC00190120,2019-08-25,0,244,111,8,2019,237,0,24.4,11.1,17.75
USC00190120,2019-08-26,0,239,67,8,2019,238,0,23.9,6.7,15.299999999999999
USC00190120,2019-08-27,0,244,83,8,2019,239,0,24.4,8.3,16.35
USC00190120,2019-08-28,0,239,100,8,2019,240,0,23.9,10,16.95
USC00190120,2019-08-29,185,256,167,8,2019,241,18.5,25.6,16.7,21.15
USC00190120,2019-08-30,0,272,106,8,2019,242,0,27.2,10.6,18.9
USC00190120,2019-08-31,0,283,133,8,2019,243,0,28.3,13.3,20.8
USC00190120,2019-09-01,0,244,106,9,2019,244,0,24.4,10.6,17.5
USC00190120,2019-09-02,0,239,122,9,2019,245,0,23.9,12.2,18.049999999999997
USC00190120,2019-09-03,36,222,144,9,2019,246,3.6,22.2,14.4,18.3
USC00190120,2019-09-04,0,261,144,9,2019,247,0,26.1,14.4,20.25
USC00190120,2019-09-05,25,278,106,9,2019,248,2.5,27.8,10.6,19.2
USC00190120,2019-09-06,0,228,117,9,2019,249,0,22.8,11.7,17.25
USC00190120,2019-09-07,66,200,117,9,2019,250,6.6,20,11.7,15.85
USC00190120,2019-09-08,0,228,94,9,2019,251,0,22.8,9.4,16.1
USC00190120,2019-09-09,0,228,83,9,2019,252,0,22.8,8.3,15.55
USC00190120,2019-09-10,0,233,100,9,2019,253,0,23.3,10,16.65
USC00190120,2019-09-11,0,217,128,9,2019,254,0,21.7,12.8,17.25
USC00190120,2019-09-12,0,300,161,9,2019,255,0,30,16.1,23.05
USC00190120,2019-09-13,30,189,78,9,2019,256,3,18.9,7.8,13.35
USC00190120,2019-09-14,0,211,83,9,2019,257,0,21.1,8.3,14.700000000000001
USC00190120,2019-09-15,28,183,111,9,2019,258,2.8,18.3,11.1,14.7
USC00190120,2019-09-16,0,256,117,9,2019,259,0,25.6,11.7,18.65
USC00190120,2019-09-17,0,233,56,9,2019,260,0,23.3,5.6,14.45
USC00190120,2019-09-18,0,222,67,9,2019,261,0,22.2,6.7,14.45
USC00190120,2019-09-19,0,189,22,9,2019,262,0,18.9,2.2,10.549999999999999
USC00190120,2019-09-20,0,217,22,9,2019,263,0,21.7,2.2,11.95
USC00190120,2019-09-21,0,267,33,9,2019,264,0,26.7,3.3,15
USC00190120,2019-09-22,0,289,78,9,2019,265,0,28.9,7.8,18.349999999999998
USC00190120,2019-09-23,0,300,117,9,2019,266,0,30,11.7,20.85
USC00190120,2019-09-24,15,328,144,9,2019,267,1.5,32.8,14.4,23.599999999999998
USC00190120,2019-09-25,0,228,67,9,2019,268,0,22.8,6.7,14.75
USC00190120,2019-09-26,0,239,72,9,2019,269,0,23.9,7.2,15.549999999999999
USC00190120,2019-09-27,81,256,67,9,2019,270,8.1,25.6,6.7,16.150000000000002
USC00190120,2019-09-28,0,228,78,9,2019,271,0,22.8,7.8,15.3
USC00190120,2019-09-29,0,272,78,9,2019,272,0,27.2,7.8,17.5
USC00190120,2019-09-30,0,222,83,9,2019,273,0,22.2,8.3,15.25
USC00190120,2019-10-01,0,194,83,10,2019,274,0,19.4,8.3,13.85
USC00190120,2019-10-02,0,222,150,10,2019,275,0,22.2,15,18.6
USC00190120,2019-10-03,8,256,89,10,2019,276,0.8,25.6,8.9,17.25
USC00190120,2019-10-04,36,122,83,10,2019,277,3.6,12.2,8.3,10.25
USC00190120,2019-10-05,0,144,-11,10,2019,278,0,14.4,-1.1,6.65
USC00190120,2019-10-06,0,156,-11,10,2019,279,0,15.6,-1.1,7.25
USC00190120,2019-10-07,25,194,33,10,2019,280,2.5,19.4,3.3,11.35
USC00190120,2019-10-08,99,222,117,10,2019,281,9.9,22.2,11.7,16.95
USC00190120,2019-10-09,0,178,83,10,2019,282,0,17.8,8.3,13.05
USC00190120,2019-10-10,20,144,89,10,2019,283,2,14.4,8.9,11.65
USC00190120,2019-10-11,0,178,100,10,2019,284,0,17.8,10,13.9
USC00190120,2019-10-12,0,172,106,10,2019,285,0,17.2,10.6,13.899999999999999
USC00190120,2019-10-13,0,172,61,10,2019,286,0,17.2,6.1,11.649999999999999
USC00190120,2019-10-14,0,183,17,10,2019,287,0,18.3,1.7,10
USC00190120,2019-10-15,0,206,22,10,2019,288,0,20.6,2.2,11.4
USC00190120,2019-10-16,0,167,-6,10,2019,289,0,16.7,-0.6,8.049999999999999
USC00190120,2019-10-17,549,167,0,10,2019,290,54.9,16.7,0,8.35
USC00190120,2019-10-18,0,117,78,10,2019,291,0,11.7,7.8,9.75
USC00190120,2019-10-19,0,139,-6,10,2019,292,0,13.9,-0.6,6.65
USC00190120,2019-10-20,0,161,-17,10,2019,293,0,16.1,-1.7,7.200000000000001
USC00190120,2019-10-21,13,133,-11,10,2019,294,1.3,13.3,-1.1,6.1000000000000005
USC00190120,2019-10-22,0,183,50,10,2019,295,0,18.3,5,11.65
USC00190120,2019-10-23,163,139,61,10,2019,296,16.3,13.9,6.1,10
USC00190120,2019-10-24,0,183,-6,10,2019,297,0,18.3,-0.6,8.85
USC00190120,2019-10-25,0,183,-6,10,2019,298,0,18.3,-0.6,8.85
USC00190120,2019-10-26,5,150,39,10,2019,299,0.5,15,3.9,9.45
USC00190120,2019-10-27,18,150,50,10,2019,300,1.8,15,5,10
USC00190120,2019-10-28,226,94,67,10,2019,301,22.6,9.4,6.7,8.05
USC00190120,2019-10-29,0,144,83,10,2019,302,0,14.4,8.3,11.350000000000001
USC00190120,2019-10-30,8,144,94,10,2019,303,0.8,14.4,9.4,11.9
USC00190120,2019-10-31,25,161,111,10,2019,304,2.5,16.1,11.1,13.600000000000001
USC00190120,2019-11-01,185,217,83,11,2019,305,18.5,21.7,8.3,15
USC00190120,2019-11-02,0,117,-33,11,2019,306,0,11.7,-3.3,4.199999999999999
USC00190120,2019-11-03,0,117,-39,11,2019,307,0,11.7,-3.9,3.8999999999999995
USC00190120,2019-11-04,0,106,-33,11,2019,308,0,10.6,-3.3,3.65
USC00190120,2019-11-05,0,117,-22,11,2019,309,0,11.7,-2.2,4.75
USC00190120,2019-11-06,0,122,-17,11,2019,310,0,12.2,-1.7,5.25
USC00190120,2019-11-07,0,106,-22,11,2019,311,0,10.6,-2.2,4.199999999999999
USC00190120,2019-11-08,99,100,-22,11,2019,312,9.9,10,-2.2,3.9
USC00190120,2019-11-09,0,6,-94,11,2019,313,0,0.6,-9.4,-4.4
USC00190120,2019-11-10,0,33,-89,11,2019,314,0,3.3,-8.9,-2.8000000000000003
USC00190120,2019-11-11,0,89,-17,11,2019,315,0,8.9,-1.7,3.6
USC00190120,2019-11-12,0,83,17,11,2019,316,0,8.3,1.7,5
USC00190120,2019-11-13,0,28,-83,11,2019,317,0,2.8,-8.3,-2.7500000000000004
USC00190120,2019-11-14,0,-28,-106,11,2019,318,0,-2.8,-10.6,-6.699999999999999
USC00190120,2019-11-15,0,0,-94,11,2019,319,0,0,-9.4,-4.7
USC00190120,2019-11-16,0,94,-61,11,2019,320,0,9.4,-6.1,1.6500000000000004
USC00190120,2019-11-17,0,11,-78,11,2019,321,0,1.1,-7.8,-3.3499999999999996
USC00190120,2019-11-18,0,17,-78,11,2019,322,0,1.7,-7.8,-3.05
USC00190120,2019-11-19,127,50,6,11,2019,323,12.7,5,0.6,2.8
USC00190120,2019-11-20,0,67,6,11,2019,324,0,6.7,0.6,3.65
USC00190120,2019-11-21,28,39,-33,11,2019,325,2.8,3.9,-3.3,0.30000000000000004
USC00190120,2019-11-22,0,100,-33,11,2019,326,0,10,-3.3,3.35
USC00190120,2019-11-23,0,83,-22,11,2019,327,0,8.3,-2.2,3.0500000000000003
USC00190120,2019-11-24,69,67,-11,11,2019,328,6.9,6.7,-1.1,2.8
USC00190120,2019-11-25,196,50,-6,11,2019,329,19.6,5,-0.6,2.2
USC00190120,2019-11-26,0,111,-28,11,2019,330,0,11.1,-2.8,4.15
USC00190120,2019-11-27,0,156,-28,11,2019,331,0,15.6,-2.8,6.4
USC00190120,2019-11-28,20,100,-17,11,2019,332,2,10,-1.7,4.15
USC00190120,2019-11-29,0,67,-17,11,2019,333,0,6.7,-1.7,2.5
USC00190120,2019-11-30,0,33,-61,11,2019,334,0,3.3,-6.1,-1.4
USC00190120,2019-12-01,0,22,-83,12,2019,335,0,2.2,-8.3,-3.0500000000000003
USC00190120,2019-12-02,183,-17,-83,12,2019,336,18.3,-1.7,-8.3,-5
USC00190120,2019-12-03,130,6,-33,12,2019,337,13,0.6,-3.3,-1.3499999999999999
USC00190120,2019-12-04,0,11,-78,12,2019,338,0,1.1,-7.8,-3.3499999999999996
USC00190120,2019-12-05,0,17,-72,12,2019,339,0,1.7,-7.2,-2.75
USC00190120,2019-12-06,0,39,-106,12,2019,340,0,3.9,-10.6,-3.3499999999999996
USC00190120,2019-12-07,23,-6,-133,12,2019,341,2.3,-0.6,-13.3,-6.95
USC00190120,2019-12-08,0,-6,-200,12,2019,342,0,-0.6,-20,-10.3
USC00190120,2019-12-09,0,22,-200,12,2019,343,0,2.2,-20,-8.9
USC00190120,2019-12-10,196,94,0,12,2019,344,19.6,9.4,0,4.7
USC00190120,2019-12-11,28,111,-22,12,2019,345,2.8,11.1,-2.2,4.449999999999999
USC00190120,2019-12-12,0,17,-67,12,2019,346,0,1.7,-6.7,-2.5
USC00190120,2019-12-13,0,-11,-67,12,2019,347,0,-1.1,-6.7,-3.9000000000000004
USC00190120,2019-12-14,389,28,-39,12,2019,348,38.9,2.8,-3.9,-0.55
USC00190120,2019-12-15,64,94,28,12,2019,349,6.4,9.4,2.8,6.1
USC00190120,2019-12-16,0,67,-33,12,2019,350,0,6.7,-3.3,1.7000000000000002
USC00190120,2019-12-17,15,6,-44,12,2019,351,1.5,0.6,-4.4,-1.9000000000000001
USC00190120,2019-12-18,91,-17,-56,12,2019,352,9.1,-1.7,-5.6,-3.65
USC00190120,2019-12-19,0,17,-128,12,2019,353,0,1.7,-12.8,-5.550000000000001
USC00190120,2019-12-20,0,-67,-150,12,2019,354,0,-6.7,-15,-10.85
USC00190120,2019-12-21,0,-22,-117,12,2019,355,0,-2.2,-11.7,-6.949999999999999
USC00190120,2019-12-22,0,-39,-117,12,2019,356,0,-3.9,-11.7,-7.8
USC00190120,2019-12-23,0,17,-106,12,2019,357,0,1.7,-10.6,-4.45
USC00190120,2019-12-24,0,111,-89,12,2019,358,0,11.1,-8.9,1.0999999999999996
USC00190120,2019-12-25,0,61,-72,12,2019,359,0,6.1,-7.2,-0.5500000000000003
USC00190120,2019-12-26,0,33,-72,12,2019,360,0,3.3,-7.2,-1.9500000000000002
USC00190120,2019-12-27,0,28,-17,12,2019,361,0,2.8,-1.7,0.5499999999999999
USC00190120,2019-12-28,0,83,-17,12,2019,362,0,8.3,-1.7,3.3000000000000003
USC00190120,2019-12-29,0,83,-56,12,2019,363,0,8.3,-5.6,1.3500000000000005
USC00190120,2019-12-30,170,44,-50,12,2019,364,17,4.4,-5,-0.2999999999999998
USC00190120,2019-12-31,201,11,-11,12,2019,365,20.1,1.1,-1.1,0
