siteID,date,year,startTime.UTC,pH,DO,turb
MILL,2019-05-28,2019,14:19:00,7.48,10.24,5
MILL,2019-05-28,2019,16:08:00,7.47,10.27,8
MILL,2019-05-28,2019,15:05:00,7.48,10.29,9.9
MILL,2019-05-28,2019,15:36:00,7.49,10.31,8.7
MILL,2019-05-28,2019,13:40:00,7.46,10.1,6.5
MILL,2019-05-28,2019,14:19:00,7.48,10.22,8.5
MILL,2019-05-28,2019,16:08:00,7.47,10.32,11.8
MILL,2019-05-28,2019,15:05:00,7.47,10.26,10.6
MILL,2019-05-28,2019,15:36:00,7.49,10.32,6.6
MILL,2019-05-28,2019,13:40:00,7.46,10.1,7.4
MILL,2019-05-30,2019,14:14:00,7.55,11.1,4.5
MILL,2019-05-30,2019,14:40:00,7.56,NA,6.4
MILL,2019-05-30,2019,15:20:00,7.58,NA,4.5
MILL,2019-05-30,2019,13:41:00,7.51,10.98,5.9
MILL,2019-05-30,2019,15:45:00,7.58,NA,5.7
MILL,2019-05-30,2019,14:14:00,7.54,11.11,4.2
MILL,2019-05-30,2019,14:40:00,7.55,NA,6.8
MILL,2019-05-30,2019,15:20:00,7.57,NA,8.6
MILL,2019-05-30,2019,13:41:00,7.53,11.06,6.9
MILL,2019-05-30,2019,15:45:00,7.56,NA,4.5
MILL,2019-05-31,2019,14:00:00,7.57,10.33,4.7
MILL,2019-05-31,2019,14:24:00,7.63,10.43,3.4
MILL,2019-05-31,2019,14:57:00,7.65,10.36,2.4
MILL,2019-05-31,2019,13:36:00,7.54,10.25,6
MILL,2019-05-31,2019,15:20:00,7.65,10.35,3.2
MILL,2019-05-31,2019,14:00:00,7.57,10.38,7.1
MILL,2019-05-31,2019,14:24:00,7.62,10.47,4
MILL,2019-05-31,2019,14:57:00,7.63,10.37,3.9
MILL,2019-05-31,2019,13:36:00,7.56,10.29,5.5
MILL,2019-05-31,2019,15:20:00,7.64,10.38,5.4
MILL,2019-06-03,2019,14:11:00,7.5,9.88,7.6
MILL,2019-06-03,2019,14:30:00,7.5,9.8,5
MILL,2019-06-03,2019,15:05:00,7.52,9.87,8
MILL,2019-06-03,2019,15:32:00,7.56,9.84,6.7
MILL,2019-06-03,2019,13:39:00,7.47,9.87,9
MILL,2019-06-03,2019,14:11:00,7.5,9.89,6.6
MILL,2019-06-03,2019,14:30:00,7.49,9.83,8.6
MILL,2019-06-03,2019,15:05:00,7.5,9.86,6.5
MILL,2019-06-03,2019,15:32:00,7.56,9.84,7.9
MILL,2019-06-03,2019,13:39:00,7.47,9.88,6.3
MILL,2019-06-04,2019,14:05:00,7.43,10.26,5.5
MILL,2019-06-04,2019,14:27:00,7.44,10.21,5.2
MILL,2019-06-04,2019,14:56:00,7.47,10.27,8.7
MILL,2019-06-04,2019,15:15:00,7.5,10.21,7.5
MILL,2019-06-04,2019,13:30:00,7.44,10.26,7.4
MILL,2019-06-04,2019,14:05:00,7.44,10.26,7
MILL,2019-06-04,2019,14:27:00,7.45,10.23,6
MILL,2019-06-04,2019,14:56:00,7.49,10.26,8
MILL,2019-06-04,2019,15:15:00,7.53,10.23,7.8
MILL,2019-06-04,2019,13:30:00,7.43,10.22,7.7
MILL,2019-06-05,2019,14:09:00,7.7,10.37,5
MILL,2019-06-05,2019,14:48:00,7.76,10.36,3.7
MILL,2019-06-05,2019,15:17:00,7.76,10.33,4
MILL,2019-06-05,2019,13:36:00,7.68,10.29,3.8
MILL,2019-06-05,2019,15:37:00,7.77,10.26,4.7
MILL,2019-06-05,2019,14:02:00,7.71,10.28,4.9
MILL,2019-06-05,2019,14:48:00,7.75,10.38,4
MILL,2019-06-05,2019,15:17:00,7.76,10.3,7.4
MILL,2019-06-05,2019,13:36:00,7.66,10.34,4.4
MILL,2019-06-05,2019,15:37:00,7.75,10.33,6.7
MILL,2019-06-14,2019,17:56:00,7.55,9.93,6.1
MILL,2019-06-14,2019,18:14:00,7.58,9.98,6.6
MILL,2019-06-14,2019,18:02:00,7.56,9.93,7.7
MILL,2019-06-14,2019,18:08:00,7.6,9.98,9.8
MILL,2019-06-14,2019,17:50:00,7.48,9.85,9.1
MILL,2019-06-14,2019,17:58:00,7.55,9.92,7.1
MILL,2019-06-14,2019,18:16:00,7.57,9.97,4.6
MILL,2019-06-14,2019,18:04:00,7.57,9.93,9.7
MILL,2019-06-14,2019,18:10:00,7.6,9.99,7.6
MILL,2019-06-14,2019,17:52:00,7.54,9.89,8
MILL,2019-06-14,2019,18:00:00,7.55,9.92,6.8
MILL,2019-06-14,2019,18:41:00,7.58,9.97,6.2
MILL,2019-06-14,2019,18:06:00,7.56,9.96,7
MILL,2019-06-14,2019,18:12:00,7.6,9.98,6.8
MILL,2019-06-14,2019,17:54:00,7.55,9.91,8.6
MILL,2019-06-14,2019,18:55:00,7.72,10.08,4.6
MILL,2019-06-14,2019,18:49:00,7.74,10.09,6.4
MILL,2019-06-14,2019,19:01:00,7.72,10.07,3.8
MILL,2019-06-14,2019,18:43:00,7.75,10.08,5.9
MILL,2019-06-14,2019,19:07:00,7.72,10.06,6.6
MILL,2019-06-14,2019,18:57:00,7.72,10.06,7.6
MILL,2019-06-14,2019,18:51:00,7.73,10.1,6.8
MILL,2019-06-14,2019,19:03:00,7.72,10.07,3.6
MILL,2019-06-14,2019,18:45:00,7.74,10.08,4.7
MILL,2019-06-14,2019,19:09:00,7.72,10.06,5.2
MILL,2019-06-14,2019,18:59:00,7.72,10.06,5.7
MILL,2019-06-14,2019,18:53:00,7.74,10.08,4.9
MILL,2019-06-14,2019,19:05:00,7.72,10.07,3.3
MILL,2019-06-14,2019,18:47:00,7.75,10.09,4.8
MILL,2019-06-14,2019,19:11:00,7.73,10.06,5.7
MILL,2019-09-16,2019,18:05:00,8.08,10.45,7.4
MILL,2019-09-16,2019,18:05:00,8.14,10.43,5.9
MILL,2019-09-16,2019,18:10:00,8.11,10.35,6.5
MILL,2019-09-16,2019,18:04:00,8.05,10.38,19.2
MILL,2019-09-16,2019,18:14:00,8.11,10.37,6.8
MILL,2019-09-16,2019,18:50:00,NA,NA,5.9
MILL,2019-09-16,2019,18:30:00,NA,NA,4.4
MILL,2019-09-16,2019,18:29:00,NA,NA,4.6
MILL,2019-09-16,2019,18:19:00,NA,NA,6.9
MILL,2019-09-16,2019,18:34:00,NA,NA,4.5
MILL,2019-09-16,2019,NA,NA,NA,6.6
MILL,2019-09-16,2019,NA,NA,NA,4.3
MILL,2019-09-16,2019,NA,NA,NA,2.7
MILL,2019-09-16,2019,NA,NA,NA,10.9
MILL,2019-09-16,2019,NA,NA,NA,6
MILL,2019-09-17,2019,18:00:00,7.48,9.83,12
MILL,2019-09-17,2019,17:49:00,7.48,9.91,7.6
MILL,2019-09-17,2019,17:49:00,7.48,10.03,7.7
MILL,2019-09-17,2019,17:50:00,7.51,9.91,8.7
MILL,2019-09-17,2019,17:48:00,7.43,9.73,10.8
MILL,2019-09-17,2019,18:20:00,NA,NA,8.4
MILL,2019-09-17,2019,18:30:00,NA,NA,23.6
MILL,2019-09-17,2019,18:31:00,NA,NA,7.7
MILL,2019-09-17,2019,18:31:00,NA,NA,10.9
MILL,2019-09-17,2019,18:09:00,NA,NA,8.1
MILL,2019-09-17,2019,NA,NA,NA,11.4
MILL,2019-09-17,2019,NA,NA,NA,11.1
MILL,2019-09-17,2019,NA,NA,NA,8.1
MILL,2019-09-17,2019,NA,NA,NA,8.1
MILL,2019-09-17,2019,NA,NA,NA,7.1
MILL,2019-09-23,2019,17:35:00,7.57,9.9,9.1
MILL,2019-09-23,2019,18:00:00,7.63,9.93,7.7
MILL,2019-09-23,2019,17:34:00,7.58,10.03,6.9
MILL,2019-09-23,2019,17:36:00,7.56,10,7
MILL,2019-09-23,2019,17:35:00,7.56,9.7,23.8
MILL,2019-09-23,2019,17:50:00,NA,NA,7
MILL,2019-09-23,2019,18:00:00,NA,NA,9
MILL,2019-09-23,2019,17:48:00,NA,NA,8.3
MILL,2019-09-23,2019,17:53:00,NA,NA,12.1
MILL,2019-09-23,2019,17:52:00,NA,NA,29
MILL,2019-09-23,2019,NA,NA,NA,8.2
MILL,2019-09-23,2019,NA,NA,NA,6.3
MILL,2019-09-23,2019,NA,NA,NA,6.9
MILL,2019-09-23,2019,NA,NA,NA,4.8
MILL,2019-09-23,2019,NA,NA,NA,14.9
MILL,2019-09-24,2019,18:00:00,8.06,10.44,8.7
MILL,2019-09-24,2019,17:57:00,8.2,10.55,4.1
MILL,2019-09-24,2019,17:55:00,8.1,10.22,4.9
MILL,2019-09-24,2019,17:55:00,7.75,10.08,11.3
MILL,2019-09-24,2019,17:52:00,8.12,9.98,7
MILL,2019-09-24,2019,18:21:00,NA,NA,4.7
MILL,2019-09-24,2019,18:12:00,NA,NA,5.4
MILL,2019-09-24,2019,18:12:00,NA,NA,6.6
MILL,2019-09-24,2019,18:07:00,NA,NA,21.7
MILL,2019-09-24,2019,18:10:00,NA,NA,7.6
MILL,2019-09-24,2019,NA,NA,NA,6.2
MILL,2019-09-24,2019,NA,NA,NA,4.2
MILL,2019-09-24,2019,NA,NA,NA,3.4
MILL,2019-09-24,2019,NA,NA,NA,16.4
MILL,2019-09-24,2019,NA,NA,NA,6
MILL,2019-09-26,2019,18:04:00,7.42,NA,17.8
MILL,2019-09-26,2019,18:04:00,7.4,NA,9.6
MILL,2019-09-26,2019,18:04:00,7.4,NA,10.9
MILL,2019-09-26,2019,18:08:00,7.36,NA,21.2
MILL,2019-09-26,2019,18:06:00,7.45,NA,15
MILL,2019-09-26,2019,18:14:00,NA,NA,7
MILL,2019-09-26,2019,18:27:00,NA,NA,9
MILL,2019-09-26,2019,18:24:00,NA,NA,8.6
MILL,2019-09-26,2019,18:27:00,NA,NA,21.2
MILL,2019-09-26,2019,18:37:00,NA,NA,32.7
MILL,2019-09-26,2019,NA,NA,NA,11.4
MILL,2019-09-26,2019,NA,NA,NA,9.9
MILL,2019-09-26,2019,NA,NA,NA,24.4
MILL,2019-09-26,2019,NA,NA,NA,7.3
MILL,2019-09-26,2019,NA,NA,NA,34
MILL,2019-09-30,2019,18:00:00,7.58,10.17,9.6
MILL,2019-09-30,2019,18:00:00,7.61,10.27,12.2
MILL,2019-09-30,2019,18:00:00,7.58,10,7.2
MILL,2019-09-30,2019,18:00:00,7.61,10.17,14.6
MILL,2019-09-30,2019,18:00:00,7.54,9.9,17.7
MILL,2019-09-30,2019,18:00:00,7.58,10.27,9.3
MILL,2019-09-30,2019,18:00:00,7.6,10.21,10.9
MILL,2019-09-30,2019,18:00:00,7.58,10.35,25.9
MILL,2019-09-30,2019,18:00:00,7.62,10.28,24.5
MILL,2019-09-30,2019,18:00:00,7.56,10.23,30
MILL,2019-09-30,2019,NA,7.58,10.26,18.6
MILL,2019-09-30,2019,NA,7.61,10.28,9.4
MILL,2019-09-30,2019,NA,7.59,10.33,8.7
MILL,2019-09-30,2019,NA,7.6,10.24,7.5
MILL,2019-09-30,2019,NA,7.58,10.27,9.8
MILL,2019-09-30,2019,18:00:00,7.95,10.95,16.1
MILL,2019-09-30,2019,18:00:00,8.03,10.99,10.3
MILL,2019-09-30,2019,18:00:00,7.93,10.71,9.1
MILL,2019-09-30,2019,18:00:00,7.91,10.28,13.8
MILL,2019-09-30,2019,18:00:00,7.98,10.75,10.4
MILL,2019-09-30,2019,18:00:00,7.93,10.87,9.4
MILL,2019-09-30,2019,18:00:00,8.06,10.82,8.5
MILL,2019-09-30,2019,18:00:00,7.95,10.73,4.3
MILL,2019-09-30,2019,18:00:00,7.93,10.84,4.9
MILL,2019-09-30,2019,18:00:00,7.99,10.76,6.8
MILL,2019-09-30,2019,NA,7.97,10.91,12.2
MILL,2019-09-30,2019,NA,8.03,10.98,12
MILL,2019-09-30,2019,NA,7.95,10.65,7.8
MILL,2019-09-30,2019,NA,8.01,10.89,6.6
MILL,2019-09-30,2019,NA,7.97,10.71,9.8
MILL,2019-10-01,2019,18:00:00,7.55,10.08,9.3
MILL,2019-10-01,2019,18:00:00,7.61,9.99,11.2
MILL,2019-10-01,2019,18:00:00,7.61,10.25,8.8
MILL,2019-10-01,2019,18:00:00,7.63,10,15.4
MILL,2019-10-01,2019,18:00:00,7.56,9.97,12.8
MILL,2019-10-01,2019,18:00:00,7.56,10.09,8.9
MILL,2019-10-01,2019,18:00:00,7.61,10.12,9.1
MILL,2019-10-01,2019,18:00:00,7.6,10.32,10.8
MILL,2019-10-01,2019,18:00:00,7.61,10.1,9.5
MILL,2019-10-01,2019,18:00:00,7.54,10.15,11.3
MILL,2019-10-01,2019,NA,7.56,10.1,8.4
MILL,2019-10-01,2019,NA,7.61,10.18,9.2
MILL,2019-10-01,2019,NA,7.6,10.31,9.2
MILL,2019-10-01,2019,NA,7.63,10.23,8.4
MILL,2019-10-01,2019,NA,7.49,10.14,8.1
MILL,2019-10-01,2019,18:00:00,7.99,10.84,10.6
MILL,2019-10-01,2019,18:00:00,8.02,10.83,8.2
MILL,2019-10-01,2019,18:00:00,8.17,10.75,8.8
MILL,2019-10-01,2019,18:00:00,7.81,10.71,8.1
MILL,2019-10-01,2019,18:00:00,8.17,10.79,12
MILL,2019-10-01,2019,18:00:00,8.03,10.78,10.9
MILL,2019-10-01,2019,18:00:00,8.09,10.83,9.5
MILL,2019-10-01,2019,18:00:00,8.14,10.78,9
MILL,2019-10-01,2019,18:00:00,7.96,11.01,25.1
MILL,2019-10-01,2019,18:00:00,8.17,10.81,6.2
MILL,2019-10-01,2019,NA,8.03,10.83,9.2
MILL,2019-10-01,2019,NA,8.14,10.97,7.2
MILL,2019-10-01,2019,NA,8.18,10.81,5.7
MILL,2019-10-01,2019,NA,7.88,10.83,10.3
MILL,2019-10-01,2019,NA,8.14,10.81,8.8
MILL,2019-10-03,2019,17:55:00,7.98,NA,7.4
MILL,2019-10-03,2019,17:55:00,7.96,NA,5.7
MILL,2019-10-03,2019,17:55:00,7.98,NA,10.9
MILL,2019-10-03,2019,17:55:00,8,NA,7.4
MILL,2019-10-03,2019,17:55:00,7.95,NA,10.9
MILL,2019-10-03,2019,17:55:00,NA,NA,12
MILL,2019-10-03,2019,17:55:00,NA,NA,9
MILL,2019-10-03,2019,17:55:00,NA,NA,10.4
MILL,2019-10-03,2019,17:55:00,NA,NA,15.8
MILL,2019-10-03,2019,17:55:00,NA,NA,9.3
MILL,2019-10-03,2019,17:55:00,NA,NA,10.4
MILL,2019-10-03,2019,17:55:00,NA,NA,7.8
MILL,2019-10-03,2019,17:55:00,NA,NA,9.7
MILL,2019-10-03,2019,17:55:00,NA,NA,17.2
MILL,2019-10-03,2019,17:55:00,NA,NA,11.2
MILL,2019-10-03,2019,17:55:00,NA,NA,5.8
MILL,2019-10-03,2019,17:55:00,NA,NA,5
HOPB,2019-05-28,2019,14:19:00,7.09,10.33,2.02
HOPB,2019-05-28,2019,16:08:00,7.07,10.24,0.07
HOPB,2019-05-28,2019,15:05:00,7.1,10.28,-0.01
HOPB,2019-05-28,2019,15:36:00,7.1,10.28,0
HOPB,2019-05-28,2019,13:40:00,7.1,10.34,-0.06
HOPB,2019-05-28,2019,14:19:00,7.09,10.33,2.02
HOPB,2019-05-28,2019,16:08:00,7.07,10.24,0.07
HOPB,2019-05-28,2019,15:05:00,7.1,10.28,-0.01
HOPB,2019-05-28,2019,15:36:00,7.1,10.28,0
HOPB,2019-05-28,2019,13:40:00,7.1,10.34,-0.06
HOPB,2019-05-30,2019,14:14:00,7,10.62,1.92
HOPB,2019-05-30,2019,14:40:00,7.02,10.63,-0.07
HOPB,2019-05-30,2019,15:20:00,7.05,10.62,-0.09
HOPB,2019-05-30,2019,13:41:00,6.97,10.55,-0.03
HOPB,2019-05-30,2019,15:45:00,7.06,10.59,-0.03
HOPB,2019-05-30,2019,14:14:00,7,10.62,1.92
HOPB,2019-05-30,2019,14:40:00,7.02,10.63,-0.07
HOPB,2019-05-30,2019,15:20:00,7.05,10.62,-0.09
HOPB,2019-05-30,2019,13:41:00,6.97,10.55,-0.03
HOPB,2019-05-30,2019,15:45:00,7.06,10.59,-0.03
HOPB,2019-05-31,2019,14:00:00,7.02,10.24,0.06
HOPB,2019-05-31,2019,14:24:00,7.03,10.21,1.89
HOPB,2019-05-31,2019,14:57:00,7.05,10.16,0.12
HOPB,2019-05-31,2019,13:36:00,7,10.22,0.14
HOPB,2019-05-31,2019,15:20:00,7.06,10.13,0.06
HOPB,2019-05-31,2019,14:00:00,7.02,10.24,0.06
HOPB,2019-05-31,2019,14:24:00,7.03,10.21,1.89
HOPB,2019-05-31,2019,14:57:00,7.05,10.16,0.12
HOPB,2019-05-31,2019,13:36:00,7,10.22,0.14
HOPB,2019-05-31,2019,15:20:00,7.06,10.13,0.06
HOPB,2019-06-03,2019,14:11:00,7.01,10.33,0.4
HOPB,2019-06-03,2019,14:30:00,7.02,10.31,0.31
HOPB,2019-06-03,2019,15:05:00,7.03,10.25,0.24
HOPB,2019-06-03,2019,15:32:00,7.04,10.21,0.24
HOPB,2019-06-03,2019,13:39:00,6.99,10.36,2.37
HOPB,2019-06-03,2019,14:11:00,7.01,10.33,0.4
HOPB,2019-06-03,2019,14:30:00,7.02,10.31,0.31
HOPB,2019-06-03,2019,15:05:00,7.03,10.25,0.24
HOPB,2019-06-03,2019,15:32:00,7.04,10.21,0.24
HOPB,2019-06-03,2019,13:39:00,6.99,10.36,2.37
HOPB,2019-06-04,2019,14:05:00,7.02,10.81,0.02
HOPB,2019-06-04,2019,14:27:00,7.03,10.76,0
HOPB,2019-06-04,2019,14:56:00,7.04,10.68,0.03
HOPB,2019-06-04,2019,15:15:00,7.04,10.63,0
HOPB,2019-06-04,2019,13:30:00,7.01,10.86,0.01
HOPB,2019-06-04,2019,14:05:00,7.02,10.81,0.02
HOPB,2019-06-04,2019,14:27:00,7.03,10.76,0
HOPB,2019-06-04,2019,14:56:00,7.04,10.68,0.03
HOPB,2019-06-04,2019,15:15:00,7.04,10.63,0
HOPB,2019-06-04,2019,13:30:00,7.01,10.86,0.01
HOPB,2019-06-05,2019,14:09:00,7.04,10.2,2.03
HOPB,2019-06-05,2019,14:48:00,7.07,10.13,0.07
HOPB,2019-06-05,2019,15:17:00,7.08,10.05,0.14
HOPB,2019-06-05,2019,13:36:00,7.03,10.24,0.13
HOPB,2019-06-05,2019,15:37:00,7.09,10,0.06
HOPB,2019-06-05,2019,14:02:00,7.05,10.21,0.16
HOPB,2019-06-05,2019,14:48:00,7.07,10.13,0.07
HOPB,2019-06-05,2019,15:17:00,7.08,10.05,0.14
HOPB,2019-06-05,2019,13:36:00,7.03,10.24,0.13
HOPB,2019-06-05,2019,15:37:00,7.09,10,0.06
HOPB,2019-06-14,2019,17:56:00,7.07,9.77,2.23
HOPB,2019-06-14,2019,18:14:00,7.06,9.74,0.29
HOPB,2019-06-14,2019,18:02:00,7.07,9.75,0.41
HOPB,2019-06-14,2019,18:08:00,7.07,9.74,0.3
HOPB,2019-06-14,2019,17:50:00,7.08,9.77,0.43
HOPB,2019-06-14,2019,17:58:00,7.08,9.77,0.34
HOPB,2019-06-14,2019,18:16:00,7.06,9.74,2.09
HOPB,2019-06-14,2019,18:04:00,7.07,9.74,0.27
HOPB,2019-06-14,2019,18:10:00,7.07,9.74,0.34
HOPB,2019-06-14,2019,17:52:00,7.08,9.77,0.29
HOPB,2019-06-14,2019,18:00:00,7.07,9.75,0.29
HOPB,2019-06-14,2019,18:41:00,7.07,9.76,2.33
HOPB,2019-06-14,2019,18:06:00,7.06,9.73,2.18
HOPB,2019-06-14,2019,18:12:00,7.06,9.73,0.29
HOPB,2019-06-14,2019,17:54:00,7.08,9.76,0.41
HOPB,2019-06-14,2019,18:55:00,7.08,9.78,0.38
HOPB,2019-06-14,2019,18:49:00,7.08,9.79,0.32
HOPB,2019-06-14,2019,19:01:00,7.07,9.76,2.38
HOPB,2019-06-14,2019,18:43:00,7.07,9.76,0.38
HOPB,2019-06-14,2019,19:07:00,7.08,9.75,0.33
HOPB,2019-06-14,2019,18:57:00,7.08,9.78,0.35
HOPB,2019-06-14,2019,18:51:00,7.07,9.78,2.34
HOPB,2019-06-14,2019,19:03:00,7.08,9.77,0.42
HOPB,2019-06-14,2019,18:45:00,7.08,9.77,0.26
HOPB,2019-06-14,2019,19:09:00,7.08,9.74,0.37
HOPB,2019-06-14,2019,18:59:00,7.08,9.77,0.35
HOPB,2019-06-14,2019,18:53:00,7.08,9.79,0.41
HOPB,2019-06-14,2019,19:05:00,7.08,9.76,0.35
HOPB,2019-06-14,2019,18:47:00,7.07,9.79,0.38
HOPB,2019-06-14,2019,19:11:00,7.07,9.73,2.25
HOPB,2019-09-16,2019,18:05:00,7.17,9.48,1.03
HOPB,2019-09-16,2019,18:05:00,7.17,9.48,1.03
HOPB,2019-09-16,2019,18:10:00,7.16,9.45,0.97
HOPB,2019-09-16,2019,18:04:00,7.16,9.48,1.01
HOPB,2019-09-16,2019,18:14:00,7.17,9.48,1.01
HOPB,2019-09-16,2019,18:50:00,7.16,9.44,0.99
HOPB,2019-09-16,2019,18:30:00,7.17,9.42,1
HOPB,2019-09-16,2019,18:29:00,7.17,9.43,1.01
HOPB,2019-09-16,2019,18:19:00,7.17,9.45,1.05
HOPB,2019-09-16,2019,18:34:00,7.16,9.43,1
HOPB,2019-09-17,2019,18:00:00,7.16,9.88,0.97
HOPB,2019-09-17,2019,17:49:00,7.16,9.9,0.94
HOPB,2019-09-17,2019,17:49:00,7.16,9.9,0.94
HOPB,2019-09-17,2019,17:50:00,7.16,9.9,0.99
HOPB,2019-09-17,2019,17:48:00,7.15,9.95,0.98
HOPB,2019-09-17,2019,18:20:00,7.16,9.86,0.96
HOPB,2019-09-17,2019,18:30:00,7.16,9.86,1
HOPB,2019-09-17,2019,18:31:00,7.12,9.85,2.67
HOPB,2019-09-17,2019,18:31:00,7.12,9.85,2.67
HOPB,2019-09-17,2019,18:09:00,7.15,9.87,0.97
HOPB,2019-09-23,2019,17:35:00,7.13,9.16,0.86
HOPB,2019-09-23,2019,18:00:00,7.11,9.07,0.85
HOPB,2019-09-23,2019,17:34:00,7.12,9.17,0.85
HOPB,2019-09-23,2019,17:36:00,7.09,9.09,2.44
HOPB,2019-09-23,2019,17:35:00,7.13,9.16,0.86
HOPB,2019-09-23,2019,17:50:00,7.12,9.1,0.86
HOPB,2019-09-23,2019,18:00:00,7.11,9.07,0.85
HOPB,2019-09-23,2019,17:48:00,7.11,9.1,0.88
HOPB,2019-09-23,2019,17:53:00,7.11,9.11,0.93
HOPB,2019-09-23,2019,17:52:00,7.11,9.11,0.92
HOPB,2019-09-24,2019,18:00:00,7.15,9.08,1.25
HOPB,2019-09-24,2019,17:57:00,7.14,9.07,1.16
HOPB,2019-09-24,2019,17:55:00,7.15,9.07,1.14
HOPB,2019-09-24,2019,17:55:00,7.15,9.07,1.14
HOPB,2019-09-24,2019,17:52:00,7.14,9.11,1.18
HOPB,2019-09-24,2019,18:21:00,7.13,9.14,2.71
HOPB,2019-09-24,2019,18:12:00,7.14,9.14,1.14
HOPB,2019-09-24,2019,18:12:00,7.14,9.14,1.14
HOPB,2019-09-24,2019,18:07:00,7.13,9.13,1.18
HOPB,2019-09-24,2019,18:10:00,7.15,9.13,1.13
HOPB,2019-09-30,2019,18:00:00,7.07,10.05,0.77
HOPB,2019-09-30,2019,18:00:00,7.07,10.05,0.77
HOPB,2019-09-30,2019,18:00:00,7.07,10.05,0.77
HOPB,2019-09-30,2019,18:00:00,7.07,10.05,0.77
HOPB,2019-09-30,2019,18:00:00,7.07,10.05,0.77
HOPB,2019-09-30,2019,18:00:00,7.07,10.05,0.77
HOPB,2019-09-30,2019,18:00:00,7.07,10.05,0.77
HOPB,2019-09-30,2019,18:00:00,7.07,10.05,0.77
HOPB,2019-09-30,2019,18:00:00,7.07,10.05,0.77
HOPB,2019-09-30,2019,18:00:00,7.07,10.05,0.77
HOPB,2019-09-30,2019,18:00:00,7.07,10.05,0.77
HOPB,2019-09-30,2019,18:00:00,7.07,10.05,0.77
HOPB,2019-09-30,2019,18:00:00,7.07,10.05,0.77
HOPB,2019-09-30,2019,18:00:00,7.07,10.05,0.77
HOPB,2019-09-30,2019,18:00:00,7.07,10.05,0.77
HOPB,2019-09-30,2019,18:00:00,7.07,10.05,0.77
HOPB,2019-09-30,2019,18:00:00,7.07,10.05,0.77
HOPB,2019-09-30,2019,18:00:00,7.07,10.05,0.77
HOPB,2019-09-30,2019,18:00:00,7.07,10.05,0.77
HOPB,2019-09-30,2019,18:00:00,7.07,10.05,0.77
HOPB,2019-10-01,2019,18:00:00,7.07,9.65,0.84
HOPB,2019-10-01,2019,18:00:00,7.07,9.65,0.84
HOPB,2019-10-01,2019,18:00:00,7.07,9.65,0.84
HOPB,2019-10-01,2019,18:00:00,7.07,9.65,0.84
HOPB,2019-10-01,2019,18:00:00,7.07,9.65,0.84
HOPB,2019-10-01,2019,18:00:00,7.07,9.65,0.84
HOPB,2019-10-01,2019,18:00:00,7.07,9.65,0.84
HOPB,2019-10-01,2019,18:00:00,7.07,9.65,0.84
HOPB,2019-10-01,2019,18:00:00,7.07,9.65,0.84
HOPB,2019-10-01,2019,18:00:00,7.07,9.65,0.84
HOPB,2019-10-01,2019,18:00:00,7.07,9.65,0.84
HOPB,2019-10-01,2019,18:00:00,7.07,9.65,0.84
HOPB,2019-10-01,2019,18:00:00,7.07,9.65,0.84
HOPB,2019-10-01,2019,18:00:00,7.07,9.65,0.84
HOPB,2019-10-01,2019,18:00:00,7.07,9.65,0.84
HOPB,2019-10-01,2019,18:00:00,7.07,9.65,0.84
HOPB,2019-10-01,2019,18:00:00,7.07,9.65,0.84
HOPB,2019-10-01,2019,18:00:00,7.07,9.65,0.84
HOPB,2019-10-01,2019,18:00:00,7.07,9.65,0.84
HOPB,2019-10-01,2019,18:00:00,7.07,9.65,0.84
HOPB,2019-10-03,2019,17:55:00,7.07,10.25,0.95
HOPB,2019-10-03,2019,17:55:00,7.07,10.25,0.95
HOPB,2019-10-03,2019,17:55:00,7.07,10.25,0.95
HOPB,2019-10-03,2019,17:55:00,7.07,10.25,0.95
HOPB,2019-10-03,2019,17:55:00,7.07,10.25,0.95
HOPB,2019-10-03,2019,17:55:00,7.07,10.25,0.95
HOPB,2019-10-03,2019,17:55:00,7.07,10.25,0.95
HOPB,2019-10-03,2019,17:55:00,7.07,10.25,0.95
HOPB,2019-10-03,2019,17:55:00,7.07,10.25,0.95
HOPB,2019-10-03,2019,17:55:00,7.07,10.25,0.95
HOPB,2019-10-03,2019,17:55:00,7.07,10.25,0.95
HOPB,2019-10-03,2019,17:55:00,7.07,10.25,0.95
HOPB,2019-10-03,2019,17:55:00,7.07,10.25,0.95
HOPB,2019-10-03,2019,17:55:00,7.07,10.25,0.95
HOPB,2019-10-03,2019,17:55:00,7.07,10.25,0.95
HOPB,2019-10-03,2019,17:55:00,7.07,10.25,0.95
HOPB,2019-10-03,2019,17:55:00,7.07,10.25,0.95
HOPB,2020-06-05,2020,18:20:00,7.38,6.91,2.3
HOPB,2020-06-05,2020,18:20:00,7.38,6.91,2.3
HOPB,2020-06-05,2020,17:44:00,7.37,7.2,2.3
HOPB,2020-06-05,2020,17:44:00,7.37,7.2,2.3
HOPB,2020-06-05,2020,19:00:00,7.34,6.68,2.24
HOPB,2020-06-05,2020,19:00:00,7.34,6.68,2.24
HOPB,2020-06-05,2020,16:50:00,7.35,7.5,2.27
HOPB,2020-06-05,2020,16:50:00,7.35,7.5,2.27
HOPB,2020-06-05,2020,19:31:00,7.34,6.65,2.3
HOPB,2020-06-05,2020,19:31:00,7.34,6.65,2.3
HOPB,2020-06-06,2020,15:10:00,7.34,6.37,2.71
HOPB,2020-06-06,2020,15:30:00,7.34,6.22,2.73
HOPB,2020-06-06,2020,15:50:00,7.36,6.18,2.76
HOPB,2020-06-06,2020,16:20:00,7.37,6.03,2.69
HOPB,2020-06-06,2020,14:40:00,7.32,6.47,2.67
HOPB,2020-06-07,2020,18:28:00,7.42,7.02,1.82
HOPB,2020-06-07,2020,19:00:00,7.39,6.88,1.8
HOPB,2020-06-07,2020,19:15:00,7.38,6.92,1.93
HOPB,2020-06-07,2020,19:45:00,7.38,6.9,1.9
HOPB,2020-06-07,2020,18:00:00,7.41,7.24,1.81
HOPB,2020-06-07,2020,15:00:00,7.36,7.64,1.87
HOPB,2020-06-07,2020,15:00:00,7.36,7.64,1.87
HOPB,2020-06-07,2020,14:40:00,7.35,7.76,1.9
HOPB,2020-06-07,2020,14:40:00,7.35,7.76,1.9
HOPB,2020-06-07,2020,15:30:00,7.36,7.56,1.81
HOPB,2020-06-07,2020,15:30:00,7.36,7.56,1.81
HOPB,2020-06-07,2020,14:00:00,7.34,7.75,1.85
HOPB,2020-06-07,2020,14:00:00,7.34,7.75,1.85
HOPB,2020-06-07,2020,15:46:00,7.37,7.52,1.85
HOPB,2020-06-07,2020,15:46:00,7.37,7.52,1.85
HOPB,2020-06-08,2020,15:00:00,7.34,7.77,1.69
HOPB,2020-06-08,2020,15:00:00,7.34,7.77,1.69
HOPB,2020-06-08,2020,14:36:00,7.33,7.93,1.82
HOPB,2020-06-08,2020,14:36:00,7.33,7.93,1.82
HOPB,2020-06-08,2020,15:27:00,7.34,7.64,1.67
HOPB,2020-06-08,2020,15:27:00,7.34,7.64,1.67
HOPB,2020-06-08,2020,14:15:00,7.33,8.04,1.83
HOPB,2020-06-08,2020,14:15:00,7.33,8.04,1.83
HOPB,2020-06-08,2020,15:54:00,7.35,7.42,1.63
HOPB,2020-06-08,2020,15:54:00,7.35,7.42,1.63
HOPB,2020-06-09,2020,14:30:00,7.34,7.38,1.65
HOPB,2020-06-09,2020,16:00:00,7.43,6.93,1.58
HOPB,2020-06-09,2020,15:00:00,7.39,7.32,1.64
HOPB,2020-06-09,2020,15:30:00,7.42,7.12,1.63
HOPB,2020-06-09,2020,14:00:00,7.32,7.46,1.7
HOPB,2020-09-18,2020,15:55:00,7.14,10.02,0.81
HOPB,2020-09-18,2020,15:55:00,7.14,10.02,0.81
HOPB,2020-09-18,2020,16:15:00,7.17,10.16,0.81
HOPB,2020-09-18,2020,16:15:00,7.17,10.16,0.81
HOPB,2020-09-18,2020,16:30:00,7.18,10.21,0.73
HOPB,2020-09-18,2020,16:30:00,7.18,10.21,0.73
HOPB,2020-09-18,2020,16:50:00,7.19,10.24,0.81
HOPB,2020-09-18,2020,16:50:00,7.19,10.24,0.81
HOPB,2020-09-18,2020,15:30:00,7.14,9.98,0.82
HOPB,2020-09-18,2020,15:30:00,7.14,9.98,0.82
HOPB,2020-09-19,2020,14:45:00,7.1,10.97,0.92
HOPB,2020-09-19,2020,14:45:00,7.1,10.97,0.92
HOPB,2020-09-19,2020,14:30:00,7.09,10.95,1.62
HOPB,2020-09-19,2020,14:30:00,7.09,10.95,1.62
HOPB,2020-09-19,2020,15:20:00,7.12,11.01,0.95
HOPB,2020-09-19,2020,15:20:00,7.12,11.01,0.95
HOPB,2020-09-19,2020,14:20:00,7.08,10.92,0.89
HOPB,2020-09-19,2020,14:20:00,7.08,10.92,0.89
HOPB,2020-09-19,2020,15:11:00,7.12,11,0.9
HOPB,2020-09-19,2020,15:11:00,7.12,11,0.9
HOPB,2020-09-20,2020,14:51:00,7.09,11.48,0.93
HOPB,2020-09-20,2020,14:51:00,7.09,11.48,0.93
HOPB,2020-09-20,2020,15:07:00,7.1,11.48,0.95
HOPB,2020-09-20,2020,15:07:00,7.1,11.48,0.95
HOPB,2020-09-20,2020,14:30:00,7.08,11.47,0.93
HOPB,2020-09-20,2020,14:30:00,7.08,11.47,0.93
HOPB,2020-09-20,2020,14:20:00,7.08,11.46,0.91
HOPB,2020-09-20,2020,14:20:00,7.08,11.46,0.91
HOPB,2020-09-20,2020,14:56:00,7.1,11.48,0.96
HOPB,2020-09-20,2020,14:56:00,7.1,11.48,0.96
HOPB,2020-09-25,2020,17:28:00,7.12,10.28,0.65
HOPB,2020-09-25,2020,17:11:00,7.11,10.31,0.72
HOPB,2020-09-25,2020,17:11:00,7.11,10.31,0.72
HOPB,2020-09-25,2020,17:28:00,7.12,10.28,0.65
HOPB,2020-09-25,2020,17:53:00,7.13,10.22,0.65
HOPB,2020-09-25,2020,17:53:00,7.13,10.22,0.65
HOPB,2020-09-25,2020,16:45:00,7.1,10.38,0.67
HOPB,2020-09-25,2020,16:45:00,7.1,10.38,0.67
HOPB,2020-09-25,2020,18:08:00,7.13,10.16,0.67
HOPB,2020-09-25,2020,18:08:00,7.13,10.16,0.67
HOPB,2020-09-26,2020,14:55:00,7.02,9.91,0.68
HOPB,2020-09-26,2020,14:55:00,7.02,9.91,0.68
HOPB,2020-09-26,2020,15:41:00,7.05,9.96,0.7
HOPB,2020-09-26,2020,15:41:00,7.05,9.96,0.7
HOPB,2020-09-26,2020,14:35:00,7.01,9.86,0.66
HOPB,2020-09-26,2020,14:35:00,7.01,9.86,0.66
HOPB,2020-09-26,2020,14:20:00,7,9.83,0.67
HOPB,2020-09-26,2020,14:20:00,7,9.83,0.67
HOPB,2020-09-26,2020,15:20:00,7.03,9.94,0.69
HOPB,2020-09-26,2020,15:20:00,7.03,9.94,0.69
HOPB,2020-09-27,2020,16:00:00,7.05,9.75,0.64
HOPB,2020-09-27,2020,15:35:00,7.03,9.77,0.63
HOPB,2020-09-27,2020,15:35:00,7.03,9.77,0.63
HOPB,2020-09-27,2020,16:00:00,7.05,9.75,0.64
HOPB,2020-09-27,2020,16:45:00,7.07,9.78,0.62
HOPB,2020-09-27,2020,16:45:00,7.07,9.78,0.62
HOPB,2020-09-27,2020,15:15:00,7.01,9.7,0.69
HOPB,2020-09-27,2020,15:15:00,7.01,9.7,0.69
HOPB,2020-09-27,2020,16:25:00,7.06,9.77,0.63
HOPB,2020-09-27,2020,16:25:00,7.06,9.77,0.63
